model_kind,effect_weight,steps,manual_seed,training_cases,blind,parameters,seconds,peak_allocated_bytes,source_report,split,family,episodes,loss,copy_gain,action_variance_explained
local,1.0,4000,29,250,True,381722,359.59346326533705,9126026240,runs/predictor_iterations_s11227/confirmation/blind_s29/report.json,train,scene_01,28,0.09240626211145095,0.08555265223119057,-4.046331492091326e-09
local,1.0,4000,29,250,True,381722,359.59346326533705,9126026240,runs/predictor_iterations_s11227/confirmation/blind_s29/report.json,train,scene_02,28,0.11353582702577114,0.08335721908818394,-9.640613862771374e-09
local,1.0,4000,29,250,True,381722,359.59346326533705,9126026240,runs/predictor_iterations_s11227/confirmation/blind_s29/report.json,train,scene_03,28,0.19899890079562152,0.11598949476097897,-7.456916417680759e-09
local,1.0,4000,29,250,True,381722,359.59346326533705,9126026240,runs/predictor_iterations_s11227/confirmation/blind_s29/report.json,train,scene_09,28,0.0878694477890219,0.06972320890988204,0.0
local,1.0,4000,29,250,True,381722,359.59346326533705,9126026240,runs/predictor_iterations_s11227/confirmation/blind_s29/report.json,train,scene_10,28,0.12205418651657444,0.06929559738500679,-9.112921084408754e-09
local,1.0,4000,29,250,True,381722,359.59346326533705,9126026240,runs/predictor_iterations_s11227/confirmation/blind_s29/report.json,train,scene_12,28,0.09473694967372077,0.07332984449436974,-1.1216184869766721e-08
local,1.0,4000,29,250,True,381722,359.59346326533705,9126026240,runs/predictor_iterations_s11227/confirmation/blind_s29/report.json,train,scene_16,28,0.07564742118120193,0.0555083069342136,0.0
local,1.0,4000,29,250,True,381722,359.59346326533705,9126026240,runs/predictor_iterations_s11227/confirmation/blind_s29/report.json,train,scene_19,27,0.07003932901554638,0.061398001684797254,7.347723540718221e-09
local,1.0,4000,29,250,True,381722,359.59346326533705,9126026240,runs/predictor_iterations_s11227/confirmation/blind_s29/report.json,train,scene_20,27,0.1524297334253788,0.0905626073588478,-7.589346262548702e-09
local,1.0,4000,29,250,True,381722,359.59346326533705,9126026240,runs/predictor_iterations_s11227/confirmation/blind_s29/report.json,id_development,scene_01,4,0.10799000039696693,0.0533848290037503,0.0
local,1.0,4000,29,250,True,381722,359.59346326533705,9126026240,runs/predictor_iterations_s11227/confirmation/blind_s29/report.json,id_development,scene_02,4,0.18931762874126434,0.06402818577509173,0.0
local,1.0,4000,29,250,True,381722,359.59346326533705,9126026240,runs/predictor_iterations_s11227/confirmation/blind_s29/report.json,id_development,scene_03,4,0.2706131422892213,0.041665492393335835,0.0
local,1.0,4000,29,250,True,381722,359.59346326533705,9126026240,runs/predictor_iterations_s11227/confirmation/blind_s29/report.json,id_development,scene_09,4,0.11323115602135658,0.05582661029009828,0.0
local,1.0,4000,29,250,True,381722,359.59346326533705,9126026240,runs/predictor_iterations_s11227/confirmation/blind_s29/report.json,id_development,scene_10,4,0.13836943358182907,0.0637338229889649,-2.0544096424046643e-08
local,1.0,4000,29,250,True,381722,359.59346326533705,9126026240,runs/predictor_iterations_s11227/confirmation/blind_s29/report.json,id_development,scene_12,4,0.07991812191903591,0.05865038054748839,0.0
local,1.0,4000,29,250,True,381722,359.59346326533705,9126026240,runs/predictor_iterations_s11227/confirmation/blind_s29/report.json,id_development,scene_16,4,0.0708467410877347,0.04592890491768509,0.0
local,1.0,4000,29,250,True,381722,359.59346326533705,9126026240,runs/predictor_iterations_s11227/confirmation/blind_s29/report.json,id_development,scene_19,4,0.0723024308681488,0.04532760952341064,0.0
local,1.0,4000,29,250,True,381722,359.59346326533705,9126026240,runs/predictor_iterations_s11227/confirmation/blind_s29/report.json,id_development,scene_20,4,0.1883939728140831,0.08876129874072003,0.0
local,1.0,4000,29,250,True,381722,359.59346326533705,9126026240,runs/predictor_iterations_s11227/confirmation/blind_s29/report.json,development,scene_13,12,0.07632847440739472,0.04919454569015658,-1.4256474223373061e-08
local,1.0,4000,29,250,True,381722,359.59346326533705,9126026240,runs/predictor_iterations_s11227/confirmation/blind_s29/report.json,development,scene_21,12,0.08711133369555076,0.03979619271663726,0.0
local,1.0,4000,43,250,True,381722,359.6227888101712,9126026240,runs/predictor_iterations_s11227/confirmation/blind_s43/report.json,train,scene_01,28,0.09266738846365895,0.08296856004140851,-6.069497127114687e-09
local,1.0,4000,43,250,True,381722,359.6227888101712,9126026240,runs/predictor_iterations_s11227/confirmation/blind_s43/report.json,train,scene_02,28,0.11360020057431289,0.08283749284759312,-1.156873663532565e-08
local,1.0,4000,43,250,True,381722,359.6227888101712,9126026240,runs/predictor_iterations_s11227/confirmation/blind_s43/report.json,train,scene_03,28,0.20007008726575545,0.11123097554865002,-4.971277611787173e-09
local,1.0,4000,43,250,True,381722,359.6227888101712,9126026240,runs/predictor_iterations_s11227/confirmation/blind_s43/report.json,train,scene_09,28,0.08794506852115903,0.06892260968224917,0.0
local,1.0,4000,43,250,True,381722,359.6227888101712,9126026240,runs/predictor_iterations_s11227/confirmation/blind_s43/report.json,train,scene_10,28,0.12335380885217871,0.05938553805804203,-1.5188202029392528e-08
local,1.0,4000,43,250,True,381722,359.6227888101712,9126026240,runs/predictor_iterations_s11227/confirmation/blind_s43/report.json,train,scene_12,28,0.09434069320559502,0.07720582999108316,0.0
local,1.0,4000,43,250,True,381722,359.6227888101712,9126026240,runs/predictor_iterations_s11227/confirmation/blind_s43/report.json,train,scene_16,28,0.07535789414708104,0.059123180704862666,4.077615911590726e-09
local,1.0,4000,43,250,True,381722,359.6227888101712,9126026240,runs/predictor_iterations_s11227/confirmation/blind_s43/report.json,train,scene_19,27,0.06970585234187267,0.0658669461578687,2.449241254254275e-09
local,1.0,4000,43,250,True,381722,359.6227888101712,9126026240,runs/predictor_iterations_s11227/confirmation/blind_s43/report.json,train,scene_20,27,0.15194846579322108,0.09343398140586978,-7.589346262548702e-09
local,1.0,4000,43,250,True,381722,359.6227888101712,9126026240,runs/predictor_iterations_s11227/confirmation/blind_s43/report.json,id_development,scene_01,4,0.10785946249961853,0.05452909378350512,0.0
local,1.0,4000,43,250,True,381722,359.6227888101712,9126026240,runs/predictor_iterations_s11227/confirmation/blind_s43/report.json,id_development,scene_02,4,0.19002672657370567,0.060522460560246016,0.0
local,1.0,4000,43,250,True,381722,359.6227888101712,9126026240,runs/predictor_iterations_s11227/confirmation/blind_s43/report.json,id_development,scene_03,4,0.26930900290608406,0.046283899921576,-3.090704425723345e-08
local,1.0,4000,43,250,True,381722,359.6227888101712,9126026240,runs/predictor_iterations_s11227/confirmation/blind_s43/report.json,id_development,scene_09,4,0.11305568553507328,0.057289763804109106,0.0
local,1.0,4000,43,250,True,381722,359.6227888101712,9126026240,runs/predictor_iterations_s11227/confirmation/blind_s43/report.json,id_development,scene_10,4,0.13958118110895157,0.05553462613346416,-2.0544096424046643e-08
local,1.0,4000,43,250,True,381722,359.6227888101712,9126026240,runs/predictor_iterations_s11227/confirmation/blind_s43/report.json,id_development,scene_12,4,0.07939016073942184,0.06486919604992103,-2.825047884513765e-08
local,1.0,4000,43,250,True,381722,359.6227888101712,9126026240,runs/predictor_iterations_s11227/confirmation/blind_s43/report.json,id_development,scene_16,4,0.07103226892650127,0.043430459038839575,0.0
local,1.0,4000,43,250,True,381722,359.6227888101712,9126026240,runs/predictor_iterations_s11227/confirmation/blind_s43/report.json,id_development,scene_19,4,0.07226159423589706,0.045866811385127826,0.0
local,1.0,4000,43,250,True,381722,359.6227888101712,9126026240,runs/predictor_iterations_s11227/confirmation/blind_s43/report.json,id_development,scene_20,4,0.18762454763054848,0.09248291464215963,0.0
local,1.0,4000,43,250,True,381722,359.6227888101712,9126026240,runs/predictor_iterations_s11227/confirmation/blind_s43/report.json,development,scene_13,12,0.0765569709862272,0.04634821874425843,-9.504316000885638e-09
local,1.0,4000,43,250,True,381722,359.6227888101712,9126026240,runs/predictor_iterations_s11227/confirmation/blind_s43/report.json,development,scene_21,12,0.08650212610761325,0.046511317150478626,0.0
local,1.0,4000,29,250,False,381722,358.1480632079765,9126026240,runs/predictor_iterations_s11227/confirmation/live_s29/report.json,train,scene_01,28,0.08504617679864168,0.15838765648158515,0.1284080397721773
local,1.0,4000,29,250,False,381722,358.1480632079765,9126026240,runs/predictor_iterations_s11227/confirmation/live_s29/report.json,train,scene_02,28,0.10355573826070343,0.1639324573984834,0.13315087218128396
local,1.0,4000,29,250,False,381722,358.1480632079765,9126026240,runs/predictor_iterations_s11227/confirmation/live_s29/report.json,train,scene_03,28,0.19284614641219378,0.14332180408208273,0.07728131459549936
local,1.0,4000,29,250,False,381722,358.1480632079765,9126026240,runs/predictor_iterations_s11227/confirmation/live_s29/report.json,train,scene_09,28,0.08128346502780914,0.1394492293121783,0.10037772137677614
local,1.0,4000,29,250,False,381722,358.1480632079765,9126026240,runs/predictor_iterations_s11227/confirmation/live_s29/report.json,train,scene_10,28,0.11098697129637003,0.15368685199169063,0.12586499070162338
local,1.0,4000,29,250,False,381722,358.1480632079765,9126026240,runs/predictor_iterations_s11227/confirmation/live_s29/report.json,train,scene_12,28,0.08529040443577937,0.16573129477098092,0.13620996146124498
local,1.0,4000,29,250,False,381722,358.1480632079765,9126026240,runs/predictor_iterations_s11227/confirmation/live_s29/report.json,train,scene_16,28,0.06649566827608007,0.16977201164363753,0.15069832181126475
local,1.0,4000,29,250,False,381722,358.1480632079765,9126026240,runs/predictor_iterations_s11227/confirmation/live_s29/report.json,train,scene_19,27,0.06245873068217878,0.16298613572509335,0.1549386976973116
local,1.0,4000,29,250,False,381722,358.1480632079765,9126026240,runs/predictor_iterations_s11227/confirmation/live_s29/report.json,train,scene_20,27,0.14589702103424956,0.12953855247372625,0.086116124633277
local,1.0,4000,29,250,False,381722,358.1480632079765,9126026240,runs/predictor_iterations_s11227/confirmation/live_s29/report.json,id_development,scene_01,4,0.10404128022491932,0.0879983895847185,0.05058263361822379
local,1.0,4000,29,250,False,381722,358.1480632079765,9126026240,runs/predictor_iterations_s11227/confirmation/live_s29/report.json,id_development,scene_02,4,0.18316946178674698,0.09442425093203388,0.017419608039023426
local,1.0,4000,29,250,False,381722,358.1480632079765,9126026240,runs/predictor_iterations_s11227/confirmation/live_s29/report.json,id_development,scene_03,4,0.26979205198585987,0.04457325646168797,0.0018166697050866487
local,1.0,4000,29,250,False,381722,358.1480632079765,9126026240,runs/predictor_iterations_s11227/confirmation/live_s29/report.json,id_development,scene_09,4,0.10725121013820171,0.10569014585018022,0.060150778281855
local,1.0,4000,29,250,False,381722,358.1480632079765,9126026240,runs/predictor_iterations_s11227/confirmation/live_s29/report.json,id_development,scene_10,4,0.12966576218605042,0.12262654902492753,0.1028902790759364
local,1.0,4000,29,250,False,381722,358.1480632079765,9126026240,runs/predictor_iterations_s11227/confirmation/live_s29/report.json,id_development,scene_12,4,0.07255770824849606,0.14534814622815795,0.12444076058199371
local,1.0,4000,29,250,False,381722,358.1480632079765,9126026240,runs/predictor_iterations_s11227/confirmation/live_s29/report.json,id_development,scene_16,4,0.06250269617885351,0.15829557050324583,0.137812739724001
local,1.0,4000,29,250,False,381722,358.1480632079765,9126026240,runs/predictor_iterations_s11227/confirmation/live_s29/report.json,id_development,scene_19,4,0.06739805452525616,0.11008439060044539,0.10640902233944549
local,1.0,4000,29,250,False,381722,358.1480632079765,9126026240,runs/predictor_iterations_s11227/confirmation/live_s29/report.json,id_development,scene_20,4,0.18511704728007317,0.10461138843908524,0.03498769438375959
local,1.0,4000,29,250,False,381722,358.1480632079765,9126026240,runs/predictor_iterations_s11227/confirmation/live_s29/report.json,development,scene_13,12,0.0686447878057758,0.1449083823251378,0.11793655554332627
local,1.0,4000,29,250,False,381722,358.1480632079765,9126026240,runs/predictor_iterations_s11227/confirmation/live_s29/report.json,development,scene_21,12,0.08176130180557568,0.098768094212204,0.07927753512057045
local,1.0,4000,43,250,False,381722,359.0192214883864,9126026240,runs/predictor_iterations_s11227/confirmation/live_s43/report.json,train,scene_01,28,0.08307361935398408,0.1779079777495659,0.14395409797851633
local,1.0,4000,43,250,False,381722,359.0192214883864,9126026240,runs/predictor_iterations_s11227/confirmation/live_s43/report.json,train,scene_02,28,0.10334116712744747,0.1656648187635571,0.14541702348386576
local,1.0,4000,43,250,False,381722,359.0192214883864,9126026240,runs/predictor_iterations_s11227/confirmation/live_s43/report.json,train,scene_03,28,0.1947263374126383,0.13496945344294087,0.08259537731311506
local,1.0,4000,43,250,False,381722,359.0192214883864,9126026240,runs/predictor_iterations_s11227/confirmation/live_s43/report.json,train,scene_09,28,0.08049333255205836,0.1478143883358516,0.11395228473461816
local,1.0,4000,43,250,False,381722,359.0192214883864,9126026240,runs/predictor_iterations_s11227/confirmation/live_s43/report.json,train,scene_10,28,0.11033451969602279,0.15866201584527884,0.13295513201428066
local,1.0,4000,43,250,False,381722,359.0192214883864,9126026240,runs/predictor_iterations_s11227/confirmation/live_s43/report.json,train,scene_12,28,0.08412995229342154,0.17708226575874397,0.14806585389243965
local,1.0,4000,43,250,False,381722,359.0192214883864,9126026240,runs/predictor_iterations_s11227/confirmation/live_s43/report.json,train,scene_16,28,0.06522985201861177,0.18557629051340452,0.16121137204285552
local,1.0,4000,43,250,False,381722,359.0192214883864,9126026240,runs/predictor_iterations_s11227/confirmation/live_s43/report.json,train,scene_19,27,0.06124232116120833,0.1792873256879367,0.16535090572449385
local,1.0,4000,43,250,False,381722,359.0192214883864,9126026240,runs/predictor_iterations_s11227/confirmation/live_s43/report.json,train,scene_20,27,0.14479315722430194,0.1361245052441623,0.09308675516846243
local,1.0,4000,43,250,False,381722,359.0192214883864,9126026240,runs/predictor_iterations_s11227/confirmation/live_s43/report.json,id_development,scene_01,4,0.10287266783416271,0.09824217339838603,0.05753407910419017
local,1.0,4000,43,250,False,381722,359.0192214883864,9126026240,runs/predictor_iterations_s11227/confirmation/live_s43/report.json,id_development,scene_02,4,0.18555752746760845,0.08261783764307973,0.024792484610561827
local,1.0,4000,43,250,False,381722,359.0192214883864,9126026240,runs/predictor_iterations_s11227/confirmation/live_s43/report.json,id_development,scene_03,4,0.2704427419230342,0.042268938883940343,0.002010781396994399
local,1.0,4000,43,250,False,381722,359.0192214883864,9126026240,runs/predictor_iterations_s11227/confirmation/live_s43/report.json,id_development,scene_09,4,0.10731491073966026,0.10515898097543208,0.05998581450958118
local,1.0,4000,43,250,False,381722,359.0192214883864,9126026240,runs/predictor_iterations_s11227/confirmation/live_s43/report.json,id_development,scene_10,4,0.12950389459729195,0.1237218136696242,0.11569939993159639
local,1.0,4000,43,250,False,381722,359.0192214883864,9126026240,runs/predictor_iterations_s11227/confirmation/live_s43/report.json,id_development,scene_12,4,0.07093060296028852,0.16451369850946718,0.13810095478143591
local,1.0,4000,43,250,False,381722,359.0192214883864,9126026240,runs/predictor_iterations_s11227/confirmation/live_s43/report.json,id_development,scene_16,4,0.06159835588186979,0.17047404087779483,0.1482265348657803
local,1.0,4000,43,250,False,381722,359.0192214883864,9126026240,runs/predictor_iterations_s11227/confirmation/live_s43/report.json,id_development,scene_19,4,0.06574945244938135,0.13185232932425128,0.12226605642987642
local,1.0,4000,43,250,False,381722,359.0192214883864,9126026240,runs/predictor_iterations_s11227/confirmation/live_s43/report.json,id_development,scene_20,4,0.18323875591158867,0.1136964550239562,0.038381780558182754
local,1.0,4000,43,250,False,381722,359.0192214883864,9126026240,runs/predictor_iterations_s11227/confirmation/live_s43/report.json,development,scene_13,12,0.06756021827459335,0.1584186042158906,0.1298691865358872
local,1.0,4000,43,250,False,381722,359.0192214883864,9126026240,runs/predictor_iterations_s11227/confirmation/live_s43/report.json,development,scene_21,12,0.0804296787828207,0.11344620143513151,0.08694762887680452
local,1.0,4000,17,250,True,381722,338.3107956815511,9126026240,runs/predictor_iterations_s11227/refinement/local_effect1_blind_s17/report.json,train,scene_01,28,0.09290009763623987,0.08066568271680219,-4.046331492091326e-09
local,1.0,4000,17,250,True,381722,338.3107956815511,9126026240,runs/predictor_iterations_s11227/refinement/local_effect1_blind_s17/report.json,train,scene_02,28,0.11260011712355274,0.09091176595999662,-9.640613862771374e-09
local,1.0,4000,17,250,True,381722,338.3107956815511,9126026240,runs/predictor_iterations_s11227/refinement/local_effect1_blind_s17/report.json,train,scene_03,28,0.2004860837810806,0.10938299906124249,0.0
local,1.0,4000,17,250,True,381722,338.3107956815511,9126026240,runs/predictor_iterations_s11227/refinement/local_effect1_blind_s17/report.json,train,scene_09,28,0.08776613457926682,0.07081698932692693,-2.0457646687788156e-09
local,1.0,4000,17,250,True,381722,338.3107956815511,9126026240,runs/predictor_iterations_s11227/refinement/local_effect1_blind_s17/report.json,train,scene_10,28,0.12153638207486697,0.07324403116958078,-9.112921084408754e-09
local,1.0,4000,17,250,True,381722,338.3107956815511,9126026240,runs/predictor_iterations_s11227/refinement/local_effect1_blind_s17/report.json,train,scene_12,28,0.09425011037715844,0.07809186657979061,0.0
local,1.0,4000,17,250,True,381722,338.3107956815511,9126026240,runs/predictor_iterations_s11227/refinement/local_effect1_blind_s17/report.json,train,scene_16,28,0.07534048573247024,0.059340532502618726,4.077615911590726e-09
local,1.0,4000,17,250,True,381722,338.3107956815511,9126026240,runs/predictor_iterations_s11227/refinement/local_effect1_blind_s17/report.json,train,scene_19,27,0.06960997633911946,0.06715178724700388,4.898482397486248e-09
local,1.0,4000,17,250,True,381722,338.3107956815511,9126026240,runs/predictor_iterations_s11227/refinement/local_effect1_blind_s17/report.json,train,scene_20,27,0.15218144765606634,0.09204394802381699,-7.589346262548702e-09
local,1.0,4000,17,250,True,381722,338.3107956815511,9126026240,runs/predictor_iterations_s11227/refinement/local_effect1_blind_s17/report.json,id_development,scene_01,4,0.10793157294392586,0.053896990437661274,0.0
local,1.0,4000,17,250,True,381722,338.3107956815511,9126026240,runs/predictor_iterations_s11227/refinement/local_effect1_blind_s17/report.json,id_development,scene_02,4,0.1876107007265091,0.07246710676382462,0.0
local,1.0,4000,17,250,True,381722,338.3107956815511,9126026240,runs/predictor_iterations_s11227/refinement/local_effect1_blind_s17/report.json,id_development,scene_03,4,0.2675804980099201,0.052405132152014255,0.0
local,1.0,4000,17,250,True,381722,338.3107956815511,9126026240,runs/predictor_iterations_s11227/refinement/local_effect1_blind_s17/report.json,id_development,scene_09,4,0.11339672841131687,0.054445991649750836,0.0
local,1.0,4000,17,250,True,381722,338.3107956815511,9126026240,runs/predictor_iterations_s11227/refinement/local_effect1_blind_s17/report.json,id_development,scene_10,4,0.13908777758479118,0.05887320329845791,-2.0544096424046643e-08
local,1.0,4000,17,250,True,381722,338.3107956815511,9126026240,runs/predictor_iterations_s11227/refinement/local_effect1_blind_s17/report.json,id_development,scene_12,4,0.07972062565386295,0.060976674379220386,0.0
local,1.0,4000,17,250,True,381722,338.3107956815511,9126026240,runs/predictor_iterations_s11227/refinement/local_effect1_blind_s17/report.json,id_development,scene_16,4,0.07089122571051121,0.04532984429591069,0.0
local,1.0,4000,17,250,True,381722,338.3107956815511,9126026240,runs/predictor_iterations_s11227/refinement/local_effect1_blind_s17/report.json,id_development,scene_19,4,0.07207142561674118,0.04837777440619484,0.0
local,1.0,4000,17,250,True,381722,338.3107956815511,9126026240,runs/predictor_iterations_s11227/refinement/local_effect1_blind_s17/report.json,id_development,scene_20,4,0.18739189952611923,0.09360820518815682,0.0
local,1.0,4000,17,250,True,381722,338.3107956815511,9126026240,runs/predictor_iterations_s11227/refinement/local_effect1_blind_s17/report.json,development,scene_13,12,0.07602710742503405,0.052948601732834,-1.4256474223373061e-08
local,1.0,4000,17,250,True,381722,338.3107956815511,9126026240,runs/predictor_iterations_s11227/refinement/local_effect1_blind_s17/report.json,development,scene_21,12,0.08619561822464068,0.04988986760662506,0.0
local,1.0,4000,17,250,False,381722,343.4238831140101,9126026240,runs/predictor_iterations_s11227/refinement/local_effect1_live_s17/report.json,train,scene_01,28,0.08328426695827927,0.1758234205057152,0.1462265501167952
local,1.0,4000,17,250,False,381722,343.4238831140101,9126026240,runs/predictor_iterations_s11227/refinement/local_effect1_live_s17/report.json,train,scene_02,28,0.10193090220647198,0.1770507327331794,0.15515702928471953
local,1.0,4000,17,250,False,381722,343.4238831140101,9126026240,runs/predictor_iterations_s11227/refinement/local_effect1_live_s17/report.json,train,scene_03,28,0.19293737344975984,0.14291654727288527,0.08085906291688305
local,1.0,4000,17,250,False,381722,343.4238831140101,9126026240,runs/predictor_iterations_s11227/refinement/local_effect1_live_s17/report.json,train,scene_09,28,0.08089254796504974,0.1435878813678888,0.11051488678119037
local,1.0,4000,17,250,False,381722,343.4238831140101,9126026240,runs/predictor_iterations_s11227/refinement/local_effect1_live_s17/report.json,train,scene_10,28,0.11002086222703968,0.16105376000110927,0.13334441930329544
local,1.0,4000,17,250,False,381722,343.4238831140101,9126026240,runs/predictor_iterations_s11227/refinement/local_effect1_live_s17/report.json,train,scene_12,28,0.08396060086254563,0.1787387779994839,0.1476511485447083
local,1.0,4000,17,250,False,381722,343.4238831140101,9126026240,runs/predictor_iterations_s11227/refinement/local_effect1_live_s17/report.json,train,scene_16,28,0.06595622561872005,0.1765071931052956,0.1518373834509037
local,1.0,4000,17,250,False,381722,343.4238831140101,9126026240,runs/predictor_iterations_s11227/refinement/local_effect1_live_s17/report.json,train,scene_19,27,0.06141278354658021,0.17700294721377807,0.16339541563769966
local,1.0,4000,17,250,False,381722,343.4238831140101,9126026240,runs/predictor_iterations_s11227/refinement/local_effect1_live_s17/report.json,train,scene_20,27,0.14573883182472652,0.13048235247271422,0.08511318872501816
local,1.0,4000,17,250,False,381722,343.4238831140101,9126026240,runs/predictor_iterations_s11227/refinement/local_effect1_live_s17/report.json,id_development,scene_01,4,0.10371625982224941,0.09084744267222356,0.051638978352347986
local,1.0,4000,17,250,False,381722,343.4238831140101,9126026240,runs/predictor_iterations_s11227/refinement/local_effect1_live_s17/report.json,id_development,scene_02,4,0.1838710531592369,0.09095563707858556,0.022551789806933065
local,1.0,4000,17,250,False,381722,343.4238831140101,9126026240,runs/predictor_iterations_s11227/refinement/local_effect1_live_s17/report.json,id_development,scene_03,4,0.2718272181227803,0.03736603096914726,-0.0019245816503610236
local,1.0,4000,17,250,False,381722,343.4238831140101,9126026240,runs/predictor_iterations_s11227/refinement/local_effect1_live_s17/report.json,id_development,scene_09,4,0.1069815531373024,0.1079386697860314,0.06396053757189879
local,1.0,4000,17,250,False,381722,343.4238831140101,9126026240,runs/predictor_iterations_s11227/refinement/local_effect1_live_s17/report.json,id_development,scene_10,4,0.12957386299967766,0.12324837783255038,0.11629141915824104
local,1.0,4000,17,250,False,381722,343.4238831140101,9126026240,runs/predictor_iterations_s11227/refinement/local_effect1_live_s17/report.json,id_development,scene_12,4,0.0707548689097166,0.16658365683254084,0.14100140320128773
local,1.0,4000,17,250,False,381722,343.4238831140101,9126026240,runs/predictor_iterations_s11227/refinement/local_effect1_live_s17/report.json,id_development,scene_16,4,0.06207625847309828,0.16403827486293465,0.1422876124465554
local,1.0,4000,17,250,False,381722,343.4238831140101,9126026240,runs/predictor_iterations_s11227/refinement/local_effect1_live_s17/report.json,id_development,scene_19,4,0.06635124329477549,0.12390635713436693,0.11552943673707095
local,1.0,4000,17,250,False,381722,343.4238831140101,9126026240,runs/predictor_iterations_s11227/refinement/local_effect1_live_s17/report.json,id_development,scene_20,4,0.1841352880001068,0.10936003850396092,0.03384866009333176
local,1.0,4000,17,250,False,381722,343.4238831140101,9126026240,runs/predictor_iterations_s11227/refinement/local_effect1_live_s17/report.json,development,scene_13,12,0.0675216717645526,0.15889876882386833,0.12579190616137692
local,1.0,4000,17,250,False,381722,343.4238831140101,9126026240,runs/predictor_iterations_s11227/refinement/local_effect1_live_s17/report.json,development,scene_21,12,0.0809123379488786,0.10812598477436108,0.08531629506677363
local,3.0,4000,17,250,True,381722,342.81756046414375,9126026240,runs/predictor_iterations_s11227/refinement/local_effect3_blind_s17/report.json,train,scene_01,28,0.09257789262171302,0.08385420602939453,-4.046331492091326e-09
local,3.0,4000,17,250,True,381722,342.81756046414375,9126026240,runs/predictor_iterations_s11227/refinement/local_effect3_blind_s17/report.json,train,scene_02,28,0.11289752727108342,0.08851059558192698,-7.7124910902171e-09
local,3.0,4000,17,250,True,381722,342.81756046414375,9126026240,runs/predictor_iterations_s11227/refinement/local_effect3_blind_s17/report.json,train,scene_03,28,0.20028895419090986,0.11025870554960837,-1.2428194029467932e-08
local,3.0,4000,17,250,True,381722,342.81756046414375,9126026240,runs/predictor_iterations_s11227/refinement/local_effect3_blind_s17/report.json,train,scene_09,28,0.0881838525778481,0.06639459486470378,0.0
local,3.0,4000,17,250,True,381722,342.81756046414375,9126026240,runs/predictor_iterations_s11227/refinement/local_effect3_blind_s17/report.json,train,scene_10,28,0.12168971222958394,0.07207483694428207,0.0
local,3.0,4000,17,250,True,381722,342.81756046414375,9126026240,runs/predictor_iterations_s11227/refinement/local_effect3_blind_s17/report.json,train,scene_12,28,0.09443813695439271,0.07625268326045265,3.738728215907372e-09
local,3.0,4000,17,250,True,381722,342.81756046414375,9126026240,runs/predictor_iterations_s11227/refinement/local_effect3_blind_s17/report.json,train,scene_16,28,0.07541114185005426,0.05845835945454425,4.077615911590726e-09
local,3.0,4000,17,250,True,381722,342.81756046414375,9126026240,runs/predictor_iterations_s11227/refinement/local_effect3_blind_s17/report.json,train,scene_19,27,0.06971749208039707,0.06571096119924003,-4.89848250850855e-09
local,3.0,4000,17,250,True,381722,342.81756046414375,9126026240,runs/predictor_iterations_s11227/refinement/local_effect3_blind_s17/report.json,train,scene_20,27,0.15182335840331185,0.09418040623993851,-1.1384019504845355e-08
local,3.0,4000,17,250,True,381722,342.81756046414375,9126026240,runs/predictor_iterations_s11227/refinement/local_effect3_blind_s17/report.json,id_development,scene_01,4,0.10829890891909599,0.05067700890538496,0.0
local,3.0,4000,17,250,True,381722,342.81756046414375,9126026240,runs/predictor_iterations_s11227/refinement/local_effect3_blind_s17/report.json,id_development,scene_02,4,0.18851753510534763,0.06798378725255494,-1.6061407315248744e-08
local,3.0,4000,17,250,True,381722,342.81756046414375,9126026240,runs/predictor_iterations_s11227/refinement/local_effect3_blind_s17/report.json,id_development,scene_03,4,0.26753862015902996,0.052553436071302695,0.0
local,3.0,4000,17,250,True,381722,342.81756046414375,9126026240,runs/predictor_iterations_s11227/refinement/local_effect3_blind_s17/report.json,id_development,scene_09,4,0.11369198374450207,0.05198401706114186,0.0
local,3.0,4000,17,250,True,381722,342.81756046414375,9126026240,runs/predictor_iterations_s11227/refinement/local_effect3_blind_s17/report.json,id_development,scene_10,4,0.13939191214740276,0.05681530006894964,-2.0544096424046643e-08
local,3.0,4000,17,250,True,381722,342.81756046414375,9126026240,runs/predictor_iterations_s11227/refinement/local_effect3_blind_s17/report.json,id_development,scene_12,4,0.07985198684036732,0.0594293807246975,-2.825047884513765e-08
local,3.0,4000,17,250,True,381722,342.81756046414375,9126026240,runs/predictor_iterations_s11227/refinement/local_effect3_blind_s17/report.json,id_development,scene_16,4,0.07080049440264702,0.04655169468624887,0.0
local,3.0,4000,17,250,True,381722,342.81756046414375,9126026240,runs/predictor_iterations_s11227/refinement/local_effect3_blind_s17/report.json,id_development,scene_19,4,0.07226279377937317,0.04585097276083727,0.0
local,3.0,4000,17,250,True,381722,342.81756046414375,9126026240,runs/predictor_iterations_s11227/refinement/local_effect3_blind_s17/report.json,id_development,scene_20,4,0.18728523701429367,0.09412411876701055,0.0
local,3.0,4000,17,250,True,381722,342.81756046414375,9126026240,runs/predictor_iterations_s11227/refinement/local_effect3_blind_s17/report.json,development,scene_13,12,0.07635132968425751,0.04890984300128953,-9.504316000885638e-09
local,3.0,4000,17,250,True,381722,342.81756046414375,9126026240,runs/predictor_iterations_s11227/refinement/local_effect3_blind_s17/report.json,development,scene_21,12,0.08642937739690144,0.04731320579156595,0.0
local,3.0,4000,17,250,False,381722,342.8117328239605,9126026240,runs/predictor_iterations_s11227/refinement/local_effect3_live_s17/report.json,train,scene_01,28,0.08409117627888918,0.16783828972278503,0.1463454353824517
local,3.0,4000,17,250,False,381722,342.8117328239605,9126026240,runs/predictor_iterations_s11227/refinement/local_effect3_live_s17/report.json,train,scene_02,28,0.10400316012757164,0.16032015249851772,0.14838061377229106
local,3.0,4000,17,250,False,381722,342.8117328239605,9126026240,runs/predictor_iterations_s11227/refinement/local_effect3_live_s17/report.json,train,scene_03,28,0.19499307870864868,0.13378451168240113,0.08780621766562213
local,3.0,4000,17,250,False,381722,342.8117328239605,9126026240,runs/predictor_iterations_s11227/refinement/local_effect3_live_s17/report.json,train,scene_09,28,0.08110853803477117,0.14130118725493368,0.11648216516160248
local,3.0,4000,17,250,False,381722,342.8117328239605,9126026240,runs/predictor_iterations_s11227/refinement/local_effect3_live_s17/report.json,train,scene_10,28,0.11134665552526712,0.15094413824347974,0.13568319586600475
local,3.0,4000,17,250,False,381722,342.8117328239605,9126026240,runs/predictor_iterations_s11227/refinement/local_effect3_live_s17/report.json,train,scene_12,28,0.08466514399541276,0.17184728427139828,0.14841602131278486
local,3.0,4000,17,250,False,381722,342.8117328239605,9126026240,runs/predictor_iterations_s11227/refinement/local_effect3_live_s17/report.json,train,scene_16,28,0.06666684190609626,0.16763483275375912,0.1545386613298828
local,3.0,4000,17,250,False,381722,342.8117328239605,9126026240,runs/predictor_iterations_s11227/refinement/local_effect3_live_s17/report.json,train,scene_19,27,0.06173770033099033,0.17264871442171648,0.16429700826168248
local,3.0,4000,17,250,False,381722,342.8117328239605,9126026240,runs/predictor_iterations_s11227/refinement/local_effect3_live_s17/report.json,train,scene_20,27,0.14564754303406785,0.13102700631345998,0.0977044549781535
local,3.0,4000,17,250,False,381722,342.8117328239605,9126026240,runs/predictor_iterations_s11227/refinement/local_effect3_live_s17/report.json,id_development,scene_01,4,0.10381474904716015,0.08998410908450749,0.05991019047465096
local,3.0,4000,17,250,False,381722,342.8117328239605,9126026240,runs/predictor_iterations_s11227/refinement/local_effect3_live_s17/report.json,id_development,scene_02,4,0.18539411388337612,0.08342574185104956,0.018463197975555956
local,3.0,4000,17,250,False,381722,342.8117328239605,9126026240,runs/predictor_iterations_s11227/refinement/local_effect3_live_s17/report.json,id_development,scene_03,4,0.27225122414529324,0.03586447934689496,0.0040567041033907625
local,3.0,4000,17,250,False,381722,342.8117328239605,9126026240,runs/predictor_iterations_s11227/refinement/local_effect3_live_s17/report.json,id_development,scene_09,4,0.10790775157511234,0.10021560177808753,0.06315757298157365
local,3.0,4000,17,250,False,381722,342.8117328239605,9126026240,runs/predictor_iterations_s11227/refinement/local_effect3_live_s17/report.json,id_development,scene_10,4,0.13154824078083038,0.10988890175980781,0.10613250728534751
local,3.0,4000,17,250,False,381722,342.8117328239605,9126026240,runs/predictor_iterations_s11227/refinement/local_effect3_live_s17/report.json,id_development,scene_12,4,0.0715453764423728,0.15727232734716912,0.1386322191626953
local,3.0,4000,17,250,False,381722,342.8117328239605,9126026240,runs/predictor_iterations_s11227/refinement/local_effect3_live_s17/report.json,id_development,scene_16,4,0.06261317804455757,0.1568077454744491,0.14532584202978927
local,3.0,4000,17,250,False,381722,342.8117328239605,9126026240,runs/predictor_iterations_s11227/refinement/local_effect3_live_s17/report.json,id_development,scene_19,4,0.06655513029545546,0.12121425829357957,0.11933359020103251
local,3.0,4000,17,250,False,381722,342.8117328239605,9126026240,runs/predictor_iterations_s11227/refinement/local_effect3_live_s17/report.json,id_development,scene_20,4,0.18434914201498032,0.10832565268013883,0.04312486095015533
local,3.0,4000,17,250,False,381722,342.8117328239605,9126026240,runs/predictor_iterations_s11227/refinement/local_effect3_live_s17/report.json,development,scene_13,12,0.06810384802520275,0.15164673911551285,0.1282974340023728
local,3.0,4000,17,250,False,381722,342.8117328239605,9126026240,runs/predictor_iterations_s11227/refinement/local_effect3_live_s17/report.json,development,scene_21,12,0.0810812854518493,0.10626372381816396,0.08620115423554309
affine,0.0,1500,17,250,True,200984,164.04219624958932,9099045376,runs/predictor_iterations_s11227/screen/affine_effect0_blind/report.json,train,scene_01,28,0.09672634343483619,0.04280136224230946,-4.046331492091326e-09
affine,0.0,1500,17,250,True,200984,164.04219624958932,9099045376,runs/predictor_iterations_s11227/screen/affine_effect0_blind/report.json,train,scene_02,28,0.1163113143827234,0.06094904612719587,-1.54249821804342e-08
affine,0.0,1500,17,250,True,200984,164.04219624958932,9099045376,runs/predictor_iterations_s11227/screen/affine_effect0_blind/report.json,train,scene_03,28,0.21094483669315064,0.0629222024990308,-9.942555223574345e-09
affine,0.0,1500,17,250,True,200984,164.04219624958932,9099045376,runs/predictor_iterations_s11227/screen/affine_effect0_blind/report.json,train,scene_09,28,0.09066528574164424,0.04012357872649508,6.137293784291842e-09
affine,0.0,1500,17,250,True,200984,164.04219624958932,9099045376,runs/predictor_iterations_s11227/screen/affine_effect0_blind/report.json,train,scene_10,28,0.12586704641580582,0.0402212526529897,-3.0376403614695846e-09
affine,0.0,1500,17,250,True,200984,164.04219624958932,9099045376,runs/predictor_iterations_s11227/screen/affine_effect0_blind/report.json,train,scene_12,28,0.09779082132237298,0.043458376969848334,3.738728215907372e-09
affine,0.0,1500,17,250,True,200984,164.04219624958932,9099045376,runs/predictor_iterations_s11227/screen/affine_effect0_blind/report.json,train,scene_16,28,0.07686830924025603,0.04026497660074879,-4.077616022613029e-09
affine,0.0,1500,17,250,True,200984,164.04219624958932,9099045376,runs/predictor_iterations_s11227/screen/affine_effect0_blind/report.json,train,scene_19,27,0.07173869648465404,0.038624658124891686,4.898482397486248e-09
affine,0.0,1500,17,250,True,200984,164.04219624958932,9099045376,runs/predictor_iterations_s11227/screen/affine_effect0_blind/report.json,train,scene_20,27,0.1580574611822764,0.056986047571496945,-3.794673242296653e-09
affine,0.0,1500,17,250,True,200984,164.04219624958932,9099045376,runs/predictor_iterations_s11227/screen/affine_effect0_blind/report.json,id_development,scene_01,4,0.10943469777703285,0.04072094852924535,0.0
affine,0.0,1500,17,250,True,200984,164.04219624958932,9099045376,runs/predictor_iterations_s11227/screen/affine_effect0_blind/report.json,id_development,scene_02,4,0.19188981130719185,0.051311512749152355,3.2122814519475185e-08
affine,0.0,1500,17,250,True,200984,164.04219624958932,9099045376,runs/predictor_iterations_s11227/screen/affine_effect0_blind/report.json,id_development,scene_03,4,0.2736593084409833,0.03087796701876644,-1.5453522239639028e-08
affine,0.0,1500,17,250,True,200984,164.04219624958932,9099045376,runs/predictor_iterations_s11227/screen/affine_effect0_blind/report.json,id_development,scene_09,4,0.11570331081748009,0.035212648057801776,0.0
affine,0.0,1500,17,250,True,200984,164.04219624958932,9099045376,runs/predictor_iterations_s11227/screen/affine_effect0_blind/report.json,id_development,scene_10,4,0.14333359710872173,0.0301441906036245,-2.0544096424046643e-08
affine,0.0,1500,17,250,True,200984,164.04219624958932,9099045376,runs/predictor_iterations_s11227/screen/affine_effect0_blind/report.json,id_development,scene_12,4,0.08155917748808861,0.03932050894473471,-2.825047884513765e-08
affine,0.0,1500,17,250,True,200984,164.04219624958932,9099045376,runs/predictor_iterations_s11227/screen/affine_effect0_blind/report.json,id_development,scene_16,4,0.07147843856364489,0.037422030877339085,0.0
affine,0.0,1500,17,250,True,200984,164.04219624958932,9099045376,runs/predictor_iterations_s11227/screen/affine_effect0_blind/report.json,id_development,scene_19,4,0.07332530617713928,0.03182168994825563,0.0
affine,0.0,1500,17,250,True,200984,164.04219624958932,9099045376,runs/predictor_iterations_s11227/screen/affine_effect0_blind/report.json,id_development,scene_20,4,0.1942146010696888,0.06060762878554882,0.0
affine,0.0,1500,17,250,True,200984,164.04219624958932,9099045376,runs/predictor_iterations_s11227/screen/affine_effect0_blind/report.json,development,scene_13,12,0.07655513597031434,0.04637107709629862,-1.4256474223373061e-08
affine,0.0,1500,17,250,True,200984,164.04219624958932,9099045376,runs/predictor_iterations_s11227/screen/affine_effect0_blind/report.json,development,scene_21,12,0.08738925121724606,0.03673278579676109,0.0
affine,0.0,1500,17,250,False,200984,162.06961605045944,9099045376,runs/predictor_iterations_s11227/screen/affine_effect0_live/report.json,train,scene_01,28,0.0910660218713539,0.09881559680795104,0.06231304273058691
affine,0.0,1500,17,250,False,200984,162.06961605045944,9099045376,runs/predictor_iterations_s11227/screen/affine_effect0_live/report.json,train,scene_02,28,0.11136248228805405,0.10090393378123719,0.06398365487890012
affine,0.0,1500,17,250,False,200984,162.06961605045944,9099045376,runs/predictor_iterations_s11227/screen/affine_effect0_live/report.json,train,scene_03,28,0.20914296366806542,0.07092664210605193,0.007082028616868685
affine,0.0,1500,17,250,False,200984,162.06961605045944,9099045376,runs/predictor_iterations_s11227/screen/affine_effect0_live/report.json,train,scene_09,28,0.08764399109142167,0.07211012652972315,0.03841097676088778
affine,0.0,1500,17,250,False,200984,162.06961605045944,9099045376,runs/predictor_iterations_s11227/screen/affine_effect0_live/report.json,train,scene_10,28,0.12053908447601966,0.08084876225218496,0.050857636991845534
affine,0.0,1500,17,250,False,200984,162.06961605045944,9099045376,runs/predictor_iterations_s11227/screen/affine_effect0_live/report.json,train,scene_12,28,0.0910408366471529,0.10948340068223716,0.07723160900263093
affine,0.0,1500,17,250,False,200984,162.06961605045944,9099045376,runs/predictor_iterations_s11227/screen/affine_effect0_live/report.json,train,scene_16,28,0.07158336735197476,0.10624982623442614,0.08317130875213885
affine,0.0,1500,17,250,False,200984,162.06961605045944,9099045376,runs/predictor_iterations_s11227/screen/affine_effect0_live/report.json,train,scene_19,27,0.06690569677286679,0.10339202884503984,0.08067344678675725
affine,0.0,1500,17,250,False,200984,162.06961605045944,9099045376,runs/predictor_iterations_s11227/screen/affine_effect0_live/report.json,train,scene_20,27,0.15323653679203103,0.08574899827055593,0.022692079031141454
affine,0.0,1500,17,250,False,200984,162.06961605045944,9099045376,runs/predictor_iterations_s11227/screen/affine_effect0_live/report.json,id_development,scene_01,4,0.10625904053449631,0.06855801967119202,0.027155034948069257
affine,0.0,1500,17,250,False,200984,162.06961605045944,9099045376,runs/predictor_iterations_s11227/screen/affine_effect0_live/report.json,id_development,scene_02,4,0.1896852646023035,0.062210622317748765,-0.028844376126356375
affine,0.0,1500,17,250,False,200984,162.06961605045944,9099045376,runs/predictor_iterations_s11227/screen/affine_effect0_live/report.json,id_development,scene_03,4,0.27117687929421663,0.0396691051501602,-0.0156841041686695
affine,0.0,1500,17,250,False,200984,162.06961605045944,9099045376,runs/predictor_iterations_s11227/screen/affine_effect0_live/report.json,id_development,scene_09,4,0.11264595948159695,0.06070624783868206,0.017437178863628278
affine,0.0,1500,17,250,False,200984,162.06961605045944,9099045376,runs/predictor_iterations_s11227/screen/affine_effect0_live/report.json,id_development,scene_10,4,0.13750294595956802,0.06959684513570197,0.05039429873384271
affine,0.0,1500,17,250,False,200984,162.06961605045944,9099045376,runs/predictor_iterations_s11227/screen/affine_effect0_live/report.json,id_development,scene_12,4,0.07514373399317265,0.11488754114647304,0.08765989417935605
affine,0.0,1500,17,250,False,200984,162.06961605045944,9099045376,runs/predictor_iterations_s11227/screen/affine_effect0_live/report.json,id_development,scene_16,4,0.06656904891133308,0.10353525909155548,0.08046640832070784
affine,0.0,1500,17,250,False,200984,162.06961605045944,9099045376,runs/predictor_iterations_s11227/screen/affine_effect0_live/report.json,id_development,scene_19,4,0.06953546963632107,0.08186222477531224,0.0694850078502004
affine,0.0,1500,17,250,False,200984,162.06961605045944,9099045376,runs/predictor_iterations_s11227/screen/affine_effect0_live/report.json,id_development,scene_20,4,0.18993640318512917,0.08130075089462774,-0.0007012899824636598
affine,0.0,1500,17,250,False,200984,162.06961605045944,9099045376,runs/predictor_iterations_s11227/screen/affine_effect0_live/report.json,development,scene_13,12,0.07089246964703004,0.11690955003076842,0.08877834936154683
affine,0.0,1500,17,250,False,200984,162.06961605045944,9099045376,runs/predictor_iterations_s11227/screen/affine_effect0_live/report.json,development,scene_21,12,0.08311009003470342,0.08390077973216425,0.05501255776628955
affine,1.0,1500,17,250,True,200984,164.03477521054447,9123130368,runs/predictor_iterations_s11227/screen/affine_effect1_blind/report.json,train,scene_01,28,0.09649237365062747,0.04511671451107291,-2.0231656350233607e-09
affine,1.0,1500,17,250,True,200984,164.03477521054447,9123130368,runs/predictor_iterations_s11227/screen/affine_effect1_blind/report.json,train,scene_02,28,0.1162989575948034,0.061048809882292776,0.0
affine,1.0,1500,17,250,True,200984,164.03477521054447,9123130368,runs/predictor_iterations_s11227/screen/affine_effect1_blind/report.json,train,scene_03,28,0.21049333283943789,0.0649279128232697,-7.456916417680759e-09
affine,1.0,1500,17,250,True,200984,164.03477521054447,9123130368,runs/predictor_iterations_s11227/screen/affine_effect1_blind/report.json,train,scene_09,28,0.09067154462848391,0.04005731568158577,0.0
affine,1.0,1500,17,250,True,200984,164.03477521054447,9123130368,runs/predictor_iterations_s11227/screen/affine_effect1_blind/report.json,train,scene_10,28,0.12569282882447755,0.04154972063831508,-3.0376403614695846e-09
affine,1.0,1500,17,250,True,200984,164.03477521054447,9123130368,runs/predictor_iterations_s11227/screen/affine_effect1_blind/report.json,train,scene_12,28,0.09776109882763453,0.04374910776618646,0.0
affine,1.0,1500,17,250,True,200984,164.03477521054447,9123130368,runs/predictor_iterations_s11227/screen/affine_effect1_blind/report.json,train,scene_16,28,0.07696186777736459,0.03909685666044371,-6.116424033919543e-09
affine,1.0,1500,17,250,True,200984,164.03477521054447,9123130368,runs/predictor_iterations_s11227/screen/affine_effect1_blind/report.json,train,scene_19,27,0.0720144968341898,0.03492863814798941,0.0
affine,1.0,1500,17,250,True,200984,164.03477521054447,9123130368,runs/predictor_iterations_s11227/screen/affine_effect1_blind/report.json,train,scene_20,27,0.15789010154980201,0.05798456081671888,-7.589346262548702e-09
affine,1.0,1500,17,250,True,200984,164.03477521054447,9123130368,runs/predictor_iterations_s11227/screen/affine_effect1_blind/report.json,id_development,scene_01,4,0.10938707366585732,0.04113841038662347,0.0
affine,1.0,1500,17,250,True,200984,164.03477521054447,9123130368,runs/predictor_iterations_s11227/screen/affine_effect1_blind/report.json,id_development,scene_02,4,0.19311405159533024,0.04525896280356789,3.2122814519475185e-08
affine,1.0,1500,17,250,True,200984,164.03477521054447,9123130368,runs/predictor_iterations_s11227/screen/affine_effect1_blind/report.json,id_development,scene_03,4,0.26996899489313364,0.04394664057569575,-3.090704425723345e-08
affine,1.0,1500,17,250,True,200984,164.03477521054447,9123130368,runs/predictor_iterations_s11227/screen/affine_effect1_blind/report.json,id_development,scene_09,4,0.11573358811438084,0.034960182048882404,-2.248381791858378e-08
affine,1.0,1500,17,250,True,200984,164.03477521054447,9123130368,runs/predictor_iterations_s11227/screen/affine_effect1_blind/report.json,id_development,scene_10,4,0.14374292455613613,0.027374507774000745,0.0
affine,1.0,1500,17,250,True,200984,164.03477521054447,9123130368,runs/predictor_iterations_s11227/screen/affine_effect1_blind/report.json,id_development,scene_12,4,0.08174226246774197,0.03716396457425064,0.0
affine,1.0,1500,17,250,True,200984,164.03477521054447,9123130368,runs/predictor_iterations_s11227/screen/affine_effect1_blind/report.json,id_development,scene_16,4,0.07179637625813484,0.03314046252722491,0.0
affine,1.0,1500,17,250,True,200984,164.03477521054447,9123130368,runs/predictor_iterations_s11227/screen/affine_effect1_blind/report.json,id_development,scene_19,4,0.07359673641622066,0.028237758508052768,0.0
affine,1.0,1500,17,250,True,200984,164.03477521054447,9123130368,runs/predictor_iterations_s11227/screen/affine_effect1_blind/report.json,id_development,scene_20,4,0.1939203292131424,0.06203098591513767,0.0
affine,1.0,1500,17,250,True,200984,164.03477521054447,9123130368,runs/predictor_iterations_s11227/screen/affine_effect1_blind/report.json,development,scene_13,12,0.07691237578789394,0.04192102657860575,-1.4256474223373061e-08
affine,1.0,1500,17,250,True,200984,164.03477521054447,9123130368,runs/predictor_iterations_s11227/screen/affine_effect1_blind/report.json,development,scene_21,12,0.08763188247879346,0.03405832942902809,0.0
affine,1.0,1500,17,250,False,200984,163.73234363552183,9123130368,runs/predictor_iterations_s11227/screen/affine_effect1_live/report.json,train,scene_01,28,0.09133282649729933,0.09617531272986568,0.06948966684937308
affine,1.0,1500,17,250,False,200984,163.73234363552183,9123130368,runs/predictor_iterations_s11227/screen/affine_effect1_live/report.json,train,scene_02,28,0.11097808288676399,0.10400742054316814,0.07658180578889673
affine,1.0,1500,17,250,False,200984,163.73234363552183,9123130368,runs/predictor_iterations_s11227/screen/affine_effect1_live/report.json,train,scene_03,28,0.20886638241686992,0.07215529578520008,0.037657451375837425
affine,1.0,1500,17,250,False,200984,163.73234363552183,9123130368,runs/predictor_iterations_s11227/screen/affine_effect1_live/report.json,train,scene_09,28,0.08747886147882257,0.07385835927714501,0.04748632386954599
affine,1.0,1500,17,250,False,200984,163.73234363552183,9123130368,runs/predictor_iterations_s11227/screen/affine_effect1_live/report.json,train,scene_10,28,0.12066275120845862,0.07990576164218688,0.057810621245505955
affine,1.0,1500,17,250,False,200984,163.73234363552183,9123130368,runs/predictor_iterations_s11227/screen/affine_effect1_live/report.json,train,scene_12,28,0.09106213519615787,0.10927506877175819,0.082484279203763
affine,1.0,1500,17,250,False,200984,163.73234363552183,9123130368,runs/predictor_iterations_s11227/screen/affine_effect1_live/report.json,train,scene_16,28,0.07120826561003923,0.11093313828632001,0.09239088210404167
affine,1.0,1500,17,250,False,200984,163.73234363552183,9123130368,runs/predictor_iterations_s11227/screen/affine_effect1_live/report.json,train,scene_19,27,0.06662846191061868,0.10710727282818755,0.08981077701393025
affine,1.0,1500,17,250,False,200984,163.73234363552183,9123130368,runs/predictor_iterations_s11227/screen/affine_effect1_live/report.json,train,scene_20,27,0.15324529770899703,0.08569672824879804,0.039223384773467096
affine,1.0,1500,17,250,False,200984,163.73234363552183,9123130368,runs/predictor_iterations_s11227/screen/affine_effect1_live/report.json,id_development,scene_01,4,0.10602236166596413,0.0706326914628691,0.03532600931001717
affine,1.0,1500,17,250,False,200984,163.73234363552183,9123130368,runs/predictor_iterations_s11227/screen/affine_effect1_live/report.json,id_development,scene_02,4,0.19011581130325794,0.06008203250030697,-0.023812513908174848
affine,1.0,1500,17,250,False,200984,163.73234363552183,9123130368,runs/predictor_iterations_s11227/screen/affine_effect1_live/report.json,id_development,scene_03,4,0.27044566348195076,0.04225859263577936,0.0035808283418585773
affine,1.0,1500,17,250,False,200984,163.73234363552183,9123130368,runs/predictor_iterations_s11227/screen/affine_effect1_live/report.json,id_development,scene_09,4,0.11260060966014862,0.06108439548058664,0.02176242464773248
affine,1.0,1500,17,250,False,200984,163.73234363552183,9123130368,runs/predictor_iterations_s11227/screen/affine_effect1_live/report.json,id_development,scene_10,4,0.13798480667173862,0.06633637152417293,0.055642390885784154
affine,1.0,1500,17,250,False,200984,163.73234363552183,9123130368,runs/predictor_iterations_s11227/screen/affine_effect1_live/report.json,id_development,scene_12,4,0.07522925175726414,0.11388023375797462,0.09205161475499912
affine,1.0,1500,17,250,False,200984,163.73234363552183,9123130368,runs/predictor_iterations_s11227/screen/affine_effect1_live/report.json,id_development,scene_16,4,0.06610790081322193,0.10974539754259849,0.08805661658178832
affine,1.0,1500,17,250,False,200984,163.73234363552183,9123130368,runs/predictor_iterations_s11227/screen/affine_effect1_live/report.json,id_development,scene_19,4,0.06925954855978489,0.08550545268005627,0.07802720508996619
affine,1.0,1500,17,250,False,200984,163.73234363552183,9123130368,runs/predictor_iterations_s11227/screen/affine_effect1_live/report.json,id_development,scene_20,4,0.19019411131739616,0.08005424804613859,0.01128890310649433
affine,1.0,1500,17,250,False,200984,163.73234363552183,9123130368,runs/predictor_iterations_s11227/screen/affine_effect1_live/report.json,development,scene_13,12,0.07055334374308586,0.12113395988136855,0.09234589424873352
affine,1.0,1500,17,250,False,200984,163.73234363552183,9123130368,runs/predictor_iterations_s11227/screen/affine_effect1_live/report.json,development,scene_21,12,0.08297965582460165,0.08533851945932125,0.05922556989356731
local,0.0,1500,17,250,True,381722,164.6328972298652,9101941248,runs/predictor_iterations_s11227/screen/local_effect0_blind/report.json,train,scene_01,28,0.09439820782946688,0.06584046566376767,-2.0231656350233607e-09
local,0.0,1500,17,250,True,381722,164.6328972298652,9101941248,runs/predictor_iterations_s11227/screen/local_effect0_blind/report.json,train,scene_02,28,0.11435888069016593,0.07671221354645963,-3.85624554510855e-09
local,0.0,1500,17,250,True,381722,164.6328972298652,9101941248,runs/predictor_iterations_s11227/screen/local_effect0_blind/report.json,train,scene_03,28,0.20381575570042645,0.09459163617464972,-7.456916417680759e-09
local,0.0,1500,17,250,True,381722,164.6328972298652,9101941248,runs/predictor_iterations_s11227/screen/local_effect0_blind/report.json,train,scene_09,28,0.08907858787902764,0.05692200221959154,0.0
local,0.0,1500,17,250,True,381722,164.6328972298652,9101941248,runs/predictor_iterations_s11227/screen/local_effect0_blind/report.json,train,scene_10,28,0.12264523455607039,0.06478865642529508,-9.112921084408754e-09
local,0.0,1500,17,250,True,381722,164.6328972298652,9101941248,runs/predictor_iterations_s11227/screen/local_effect0_blind/report.json,train,scene_12,28,0.09550242232424873,0.0658423682504854,0.0
local,0.0,1500,17,250,True,381722,164.6328972298652,9101941248,runs/predictor_iterations_s11227/screen/local_effect0_blind/report.json,train,scene_16,28,0.07597558213663953,0.05141107147582413,4.077615911590726e-09
local,0.0,1500,17,250,True,381722,164.6328972298652,9101941248,runs/predictor_iterations_s11227/screen/local_effect0_blind/report.json,train,scene_19,27,0.0706911845891564,0.05266243907157675,4.898482397486248e-09
local,0.0,1500,17,250,True,381722,164.6328972298652,9101941248,runs/predictor_iterations_s11227/screen/local_effect0_blind/report.json,train,scene_20,27,0.15349223961432776,0.08422340544312801,-7.589346262548702e-09
local,0.0,1500,17,250,True,381722,164.6328972298652,9101941248,runs/predictor_iterations_s11227/screen/local_effect0_blind/report.json,id_development,scene_01,4,0.1091445367783308,0.04326443220729981,0.0
local,0.0,1500,17,250,True,381722,164.6328972298652,9101941248,runs/predictor_iterations_s11227/screen/local_effect0_blind/report.json,id_development,scene_02,4,0.18977917917072773,0.061746315905426674,0.0
local,0.0,1500,17,250,True,381722,164.6328972298652,9101941248,runs/predictor_iterations_s11227/screen/local_effect0_blind/report.json,id_development,scene_03,4,0.2676636194810271,0.05211077034308287,-3.090704425723345e-08
local,0.0,1500,17,250,True,381722,164.6328972298652,9101941248,runs/predictor_iterations_s11227/screen/local_effect0_blind/report.json,id_development,scene_09,4,0.11435806751251221,0.04642990464923413,0.0
local,0.0,1500,17,250,True,381722,164.6328972298652,9101941248,runs/predictor_iterations_s11227/screen/local_effect0_blind/report.json,id_development,scene_10,4,0.14019854366779327,0.05135728965217656,-2.0544096424046643e-08
local,0.0,1500,17,250,True,381722,164.6328972298652,9101941248,runs/predictor_iterations_s11227/screen/local_effect0_blind/report.json,id_development,scene_12,4,0.08028281293809414,0.0543547121338086,-2.825047884513765e-08
local,0.0,1500,17,250,True,381722,164.6328972298652,9101941248,runs/predictor_iterations_s11227/screen/local_effect0_blind/report.json,id_development,scene_16,4,0.0711676487699151,0.04160734066423499,0.0
local,0.0,1500,17,250,True,381722,164.6328972298652,9101941248,runs/predictor_iterations_s11227/screen/local_effect0_blind/report.json,id_development,scene_19,4,0.07295287027955055,0.036739287660823794,0.0
local,0.0,1500,17,250,True,381722,164.6328972298652,9101941248,runs/predictor_iterations_s11227/screen/local_effect0_blind/report.json,id_development,scene_20,4,0.18823203444480896,0.08954457490978851,0.0
local,0.0,1500,17,250,True,381722,164.6328972298652,9101941248,runs/predictor_iterations_s11227/screen/local_effect0_blind/report.json,development,scene_13,12,0.07693800112853448,0.04160181787125583,-2.3760790446303304e-08
local,0.0,1500,17,250,True,381722,164.6328972298652,9101941248,runs/predictor_iterations_s11227/screen/local_effect0_blind/report.json,development,scene_21,12,0.08681923430413008,0.04301592241022145,0.0
local,0.0,1500,17,250,False,381722,161.28932888619602,9101941248,runs/predictor_iterations_s11227/screen/local_effect0_live/report.json,train,scene_01,28,0.08765872687633548,0.13253400289933248,0.0955399045049381
local,0.0,1500,17,250,False,381722,161.28932888619602,9101941248,runs/predictor_iterations_s11227/screen/local_effect0_live/report.json,train,scene_02,28,0.10593497713229486,0.14472343595704862,0.10853407923534819
local,0.0,1500,17,250,False,381722,161.28932888619602,9101941248,runs/predictor_iterations_s11227/screen/local_effect0_live/report.json,train,scene_03,28,0.1967981443075197,0.12576588974193925,0.03725998095426497
local,0.0,1500,17,250,False,381722,161.28932888619602,9101941248,runs/predictor_iterations_s11227/screen/local_effect0_live/report.json,train,scene_09,28,0.08326276617922954,0.11849430163167918,0.0734517057443772
local,0.0,1500,17,250,False,381722,161.28932888619602,9101941248,runs/predictor_iterations_s11227/screen/local_effect0_live/report.json,train,scene_10,28,0.11442024832857507,0.12750695484546493,0.08680185988100786
local,0.0,1500,17,250,False,381722,161.28932888619602,9101941248,runs/predictor_iterations_s11227/screen/local_effect0_live/report.json,train,scene_12,28,0.0867948748969606,0.15101530612011183,0.11205018535334244
local,0.0,1500,17,250,False,381722,161.28932888619602,9101941248,runs/predictor_iterations_s11227/screen/local_effect0_live/report.json,train,scene_16,28,0.06868973560631275,0.1423781053468457,0.11281215182575
local,0.0,1500,17,250,False,381722,161.28932888619602,9101941248,runs/predictor_iterations_s11227/screen/local_effect0_live/report.json,train,scene_19,27,0.06408874607748455,0.14114218420781166,0.11768492726194535
local,0.0,1500,17,250,False,381722,161.28932888619602,9101941248,runs/predictor_iterations_s11227/screen/local_effect0_live/report.json,train,scene_20,27,0.14804796212249333,0.11670545087957607,0.0534940405493004
local,0.0,1500,17,250,False,381722,161.28932888619602,9101941248,runs/predictor_iterations_s11227/screen/local_effect0_live/report.json,id_development,scene_01,4,0.1044484581798315,0.08442916254519417,0.042772177489947216
local,0.0,1500,17,250,False,381722,161.28932888619602,9101941248,runs/predictor_iterations_s11227/screen/local_effect0_live/report.json,id_development,scene_02,4,0.18532931618392467,0.08374609669975752,0.02297248624721926
local,0.0,1500,17,250,False,381722,161.28932888619602,9101941248,runs/predictor_iterations_s11227/screen/local_effect0_live/report.json,id_development,scene_03,4,0.26936475466936827,0.04608646369152747,-0.00857166695304623
local,0.0,1500,17,250,False,381722,161.28932888619602,9101941248,runs/predictor_iterations_s11227/screen/local_effect0_live/report.json,id_development,scene_09,4,0.10843493603169918,0.09581969562586135,0.04290714012311059
local,0.0,1500,17,250,False,381722,161.28932888619602,9101941248,runs/predictor_iterations_s11227/screen/local_effect0_live/report.json,id_development,scene_10,4,0.13125642947852612,0.11186342059207177,0.08897824840376478
local,0.0,1500,17,250,False,381722,161.28932888619602,9101941248,runs/predictor_iterations_s11227/screen/local_effect0_live/report.json,id_development,scene_12,4,0.07262810319662094,0.14451896936516972,0.11609022976962013
local,0.0,1500,17,250,False,381722,161.28932888619602,9101941248,runs/predictor_iterations_s11227/screen/local_effect0_live/report.json,id_development,scene_16,4,0.0637520020827651,0.14147155526221045,0.11304890672737755
local,0.0,1500,17,250,False,381722,161.28932888619602,9101941248,runs/predictor_iterations_s11227/screen/local_effect0_live/report.json,id_development,scene_19,4,0.06795452069491148,0.10273687984561375,0.08963627222622028
local,0.0,1500,17,250,False,381722,161.28932888619602,9101941248,runs/predictor_iterations_s11227/screen/local_effect0_live/report.json,id_development,scene_20,4,0.18568651005625725,0.10185696634779262,0.00964835656963281
local,0.0,1500,17,250,False,381722,161.28932888619602,9101941248,runs/predictor_iterations_s11227/screen/local_effect0_live/report.json,development,scene_13,12,0.06880786021550496,0.14287702852406003,0.11179042788854554
local,0.0,1500,17,250,False,381722,161.28932888619602,9101941248,runs/predictor_iterations_s11227/screen/local_effect0_live/report.json,development,scene_21,12,0.08165820563832919,0.09990449435793458,0.07090107913910204
local,1.0,1500,17,250,True,381722,163.88641442824155,9126026240,runs/predictor_iterations_s11227/screen/local_effect1_blind/report.json,train,scene_01,28,0.09427715611777135,0.06703838682380059,2.0231658570679656e-09
local,1.0,1500,17,250,True,381722,163.88641442824155,9126026240,runs/predictor_iterations_s11227/screen/local_effect1_blind/report.json,train,scene_02,28,0.11400778352149896,0.07954683142425167,-9.640613862771374e-09
local,1.0,1500,17,250,True,381722,163.88641442824155,9126026240,runs/predictor_iterations_s11227/screen/local_effect1_blind/report.json,train,scene_03,28,0.20370665285736322,0.09507630246694443,-1.4913832835361518e-08
local,1.0,1500,17,250,True,381722,163.88641442824155,9126026240,runs/predictor_iterations_s11227/screen/local_effect1_blind/report.json,train,scene_09,28,0.08903051859566144,0.05743091333494632,-4.091529115513026e-09
local,1.0,1500,17,250,True,381722,163.88641442824155,9126026240,runs/predictor_iterations_s11227/screen/local_effect1_blind/report.json,train,scene_10,28,0.12278558939163174,0.06371840339167623,-9.112921084408754e-09
local,1.0,1500,17,250,True,381722,163.88641442824155,9126026240,runs/predictor_iterations_s11227/screen/local_effect1_blind/report.json,train,scene_12,28,0.09539675579539367,0.06687594616346548,3.738728215907372e-09
local,1.0,1500,17,250,True,381722,163.88641442824155,9126026240,runs/predictor_iterations_s11227/screen/local_effect1_blind/report.json,train,scene_16,28,0.07595544241900955,0.05166252480635669,2.038807900284212e-09
local,1.0,1500,17,250,True,381722,163.88641442824155,9126026240,runs/predictor_iterations_s11227/screen/local_effect1_blind/report.json,train,scene_19,27,0.07048087194561958,0.05548085367190492,7.347723540718221e-09
local,1.0,1500,17,250,True,381722,163.88641442824155,9126026240,runs/predictor_iterations_s11227/screen/local_effect1_blind/report.json,train,scene_20,27,0.15321761010973542,0.08586192002283799,-9.486682994719331e-09
local,1.0,1500,17,250,True,381722,163.88641442824155,9126026240,runs/predictor_iterations_s11227/screen/local_effect1_blind/report.json,id_development,scene_01,4,0.10795274749398232,0.05371137926765679,0.0
local,1.0,1500,17,250,True,381722,163.88641442824155,9126026240,runs/predictor_iterations_s11227/screen/local_effect1_blind/report.json,id_development,scene_02,4,0.18901763297617435,0.06551134179377827,3.2122814519475185e-08
local,1.0,1500,17,250,True,381722,163.88641442824155,9126026240,runs/predictor_iterations_s11227/screen/local_effect1_blind/report.json,id_development,scene_03,4,0.26791987381875515,0.051203285316704594,0.0
local,1.0,1500,17,250,True,381722,163.88641442824155,9126026240,runs/predictor_iterations_s11227/screen/local_effect1_blind/report.json,id_development,scene_09,4,0.11413722857832909,0.04827136112105779,0.0
local,1.0,1500,17,250,True,381722,163.88641442824155,9126026240,runs/predictor_iterations_s11227/screen/local_effect1_blind/report.json,id_development,scene_10,4,0.14031160436570644,0.05059227309710934,-2.0544096424046643e-08
local,1.0,1500,17,250,True,381722,163.88641442824155,9126026240,runs/predictor_iterations_s11227/screen/local_effect1_blind/report.json,id_development,scene_12,4,0.08046968840062618,0.05215351994716333,-2.825047884513765e-08
local,1.0,1500,17,250,True,381722,163.88641442824155,9126026240,runs/predictor_iterations_s11227/screen/local_effect1_blind/report.json,id_development,scene_16,4,0.0712383920326829,0.040654663079602305,0.0
local,1.0,1500,17,250,True,381722,163.88641442824155,9126026240,runs/predictor_iterations_s11227/screen/local_effect1_blind/report.json,id_development,scene_19,4,0.07251360639929771,0.04253927382416234,0.0
local,1.0,1500,17,250,True,381722,163.88641442824155,9126026240,runs/predictor_iterations_s11227/screen/local_effect1_blind/report.json,id_development,scene_20,4,0.18819744512438774,0.08971187923989665,0.0
local,1.0,1500,17,250,True,381722,163.88641442824155,9126026240,runs/predictor_iterations_s11227/screen/local_effect1_blind/report.json,development,scene_13,12,0.07686660656084617,0.04249116283580767,-1.4256474223373061e-08
local,1.0,1500,17,250,True,381722,163.88641442824155,9126026240,runs/predictor_iterations_s11227/screen/local_effect1_blind/report.json,development,scene_21,12,0.08684264154483874,0.04275791095874937,0.0
local,1.0,1500,17,250,False,381722,162.5449733156711,9126026240,runs/predictor_iterations_s11227/screen/local_effect1_live/report.json,train,scene_01,28,0.0865006074309349,0.14399468998965903,0.11140817815772597
local,1.0,1500,17,250,False,381722,162.5449733156711,9126026240,runs/predictor_iterations_s11227/screen/local_effect1_live/report.json,train,scene_02,28,0.10615447416369404,0.14295130486385665,0.1228704405553791
local,1.0,1500,17,250,False,381722,162.5449733156711,9126026240,runs/predictor_iterations_s11227/screen/local_effect1_live/report.json,train,scene_03,28,0.20043510305030005,0.10960947016934708,0.06263937714654244
local,1.0,1500,17,250,False,381722,162.5449733156711,9126026240,runs/predictor_iterations_s11227/screen/local_effect1_live/report.json,train,scene_09,28,0.08310188086969512,0.12019759980019129,0.08480693573595999
local,1.0,1500,17,250,False,381722,162.5449733156711,9126026240,runs/predictor_iterations_s11227/screen/local_effect1_live/report.json,train,scene_10,28,0.11456018526639257,0.12643988842331055,0.0975560607816478
local,1.0,1500,17,250,False,381722,162.5449733156711,9126026240,runs/predictor_iterations_s11227/screen/local_effect1_live/report.json,train,scene_12,28,0.08660774026066065,0.15284576491277724,0.12300872504959914
local,1.0,1500,17,250,False,381722,162.5449733156711,9126026240,runs/predictor_iterations_s11227/screen/local_effect1_live/report.json,train,scene_16,28,0.06783710739442281,0.15302354772715643,0.12969922128238265
local,1.0,1500,17,250,False,381722,162.5449733156711,9126026240,runs/predictor_iterations_s11227/screen/local_effect1_live/report.json,train,scene_19,27,0.06379740643832418,0.14504644730324556,0.1298377020121887
local,1.0,1500,17,250,False,381722,162.5449733156711,9126026240,runs/predictor_iterations_s11227/screen/local_effect1_live/report.json,train,scene_20,27,0.14875044825452347,0.11251422688460122,0.06819904599791982
local,1.0,1500,17,250,False,381722,162.5449733156711,9126026240,runs/predictor_iterations_s11227/screen/local_effect1_live/report.json,id_development,scene_01,4,0.10387435555458069,0.08946161233474392,0.05574953806269778
local,1.0,1500,17,250,False,381722,162.5449733156711,9126026240,runs/predictor_iterations_s11227/screen/local_effect1_live/report.json,id_development,scene_02,4,0.1861875019967556,0.0795032919619314,0.030654496724235814
local,1.0,1500,17,250,False,381722,162.5449733156711,9126026240,runs/predictor_iterations_s11227/screen/local_effect1_live/report.json,id_development,scene_03,4,0.27172789070755243,0.03771778361781397,0.003979158329169508
local,1.0,1500,17,250,False,381722,162.5449733156711,9126026240,runs/predictor_iterations_s11227/screen/local_effect1_live/report.json,id_development,scene_09,4,0.10794278420507908,0.0999234836177828,0.053641825405419175
local,1.0,1500,17,250,False,381722,162.5449733156711,9126026240,runs/predictor_iterations_s11227/screen/local_effect1_live/report.json,id_development,scene_10,4,0.13142983801662922,0.11069006499735623,0.0983387139691474
local,1.0,1500,17,250,False,381722,162.5449733156711,9126026240,runs/predictor_iterations_s11227/screen/local_effect1_live/report.json,id_development,scene_12,4,0.07244767807424068,0.14664418347448516,0.1229702949039243
local,1.0,1500,17,250,False,381722,162.5449733156711,9126026240,runs/predictor_iterations_s11227/screen/local_effect1_live/report.json,id_development,scene_16,4,0.06375451479107141,0.14143771739855404,0.12542421986100594
local,1.0,1500,17,250,False,381722,162.5449733156711,9126026240,runs/predictor_iterations_s11227/screen/local_effect1_live/report.json,id_development,scene_19,4,0.0672239875420928,0.11238274960337646,0.10575406929449227
local,1.0,1500,17,250,False,381722,162.5449733156711,9126026240,runs/predictor_iterations_s11227/screen/local_effect1_live/report.json,id_development,scene_20,4,0.186140738427639,0.09965991903767779,0.03342287367865837
local,1.0,1500,17,250,False,381722,162.5449733156711,9126026240,runs/predictor_iterations_s11227/screen/local_effect1_live/report.json,development,scene_13,12,0.06816366439064343,0.1509016210326538,0.12190832375135907
local,1.0,1500,17,250,False,381722,162.5449733156711,9126026240,runs/predictor_iterations_s11227/screen/local_effect1_live/report.json,development,scene_21,12,0.08115459543963273,0.1054556483772855,0.07951510470844525
