model_kind,effect_weight,steps,manual_seed,training_cases,blind,parameters,seconds,peak_allocated_bytes,source_report,split,loss,swapped_loss,copy_loss,action_mse,target_action_mse,action_variance_explained,copy_relative_gain
local,1.0,4000,29,250,True,381722,359.59346326533705,9126026240,runs/predictor_iterations_s11227/confirmation/blind_s29/report.json,development,0.08171990405147274,0.08171990405147274,0.08549970590199034,0.13571496059497198,0.1357149596636494,-6.862342694091694e-09,0.04420836084337465
local,1.0,4000,29,250,True,381722,359.59346326533705,9126026240,runs/predictor_iterations_s11227/confirmation/blind_s29/report.json,id_development,0.13677584752440453,0.13677584752440453,0.14534188672486278,0.14018034955693615,0.14018034914301503,-2.9527755796010524e-09,0.05893716803521387
local,1.0,4000,29,250,True,381722,359.59346326533705,9126026240,runs/predictor_iterations_s11227/confirmation/blind_s29/report.json,train,0.11197454619407654,0.11197454619407654,0.12225065898895264,0.13480228133499622,0.1348022806495428,-5.084880072558917e-09,0.08405772925775978
local,1.0,4000,43,250,True,381722,359.6227888101712,9126026240,runs/predictor_iterations_s11227/confirmation/blind_s43/report.json,development,0.08152954854692022,0.08152954854692022,0.08549970590199034,0.13571496028453112,0.1357149596636494,-4.574895129394463e-09,0.04643474867178099
local,1.0,4000,43,250,True,381722,359.6227888101712,9126026240,runs/predictor_iterations_s11227/confirmation/blind_s43/report.json,id_development,0.13668229223953354,0.13668229223953354,0.14534188672486278,0.14018035038477844,0.14018034914301503,-8.858327404936972e-09,0.059580859176007195
local,1.0,4000,43,250,True,381722,359.6227888101712,9126026240,runs/predictor_iterations_s11227/confirmation/blind_s43/report.json,train,0.11212020215392113,0.11212020215392113,0.12225065898895264,0.1348022813051939,0.1348022806495428,-4.863798253040841e-09,0.08286627588606266
local,1.0,4000,29,250,False,381722,358.1480632079765,9126026240,runs/predictor_iterations_s11227/confirmation/live_s29/report.json,development,0.07520304480567575,0.0926490204098324,0.08549970590199034,0.12243036180734634,0.1357149596636494,0.09788602442374139,0.120429198997688
local,1.0,4000,29,250,False,381722,358.1480632079765,9126026240,runs/predictor_iterations_s11227/confirmation/live_s29/report.json,id_development,0.1312772525060508,0.1467384049254987,0.14534188672486278,0.1302290703687403,0.14018034914301503,0.0709891139172597,0.09676931086932172
local,1.0,4000,29,250,False,381722,358.1480632079765,9126026240,runs/predictor_iterations_s11227/confirmation/live_s29/report.json,train,0.10375893308222293,0.12526470768451692,0.12225065898895264,0.11838177830725909,0.1348022806495428,0.12181175469110594,0.15126074623778296
local,1.0,4000,43,250,False,381722,359.0192214883864,9126026240,runs/predictor_iterations_s11227/confirmation/live_s43/report.json,development,0.07399494852870703,0.08923332905396819,0.08549970590199034,0.12111095959941547,0.1357149596636494,0.10760788715133485,0.13455902861784574
local,1.0,4000,43,250,False,381722,359.0192214883864,9126026240,runs/predictor_iterations_s11227/confirmation/live_s43/report.json,id_development,0.1308009899738762,0.14564158467368948,0.14534188672486278,0.12916019103593296,0.14018034914301503,0.0786141436688752,0.10004615378712534
local,1.0,4000,43,250,False,381722,359.0192214883864,9126026240,runs/predictor_iterations_s11227/confirmation/live_s43/report.json,train,0.10304065507650376,0.12304262909293175,0.12225065898895264,0.11698372001945972,0.1348022806495428,0.13218293150697902,0.15713619927549694
local,1.0,4000,17,250,True,381722,338.3107956815511,9126026240,runs/predictor_iterations_s11227/refinement/local_effect1_blind_s17/report.json,development,0.08111136282483737,0.08111136282483737,0.08549970590199034,0.13571496059497198,0.1357149596636494,-6.862342694091694e-09,0.051325826572823474
local,1.0,4000,17,250,True,381722,338.3107956815511,9126026240,runs/predictor_iterations_s11227/refinement/local_effect1_blind_s17/report.json,id_development,0.13618693935374418,0.13618693935374418,0.14534188672486278,0.14018034955693615,0.14018034914301503,-2.9527755796010524e-09,0.0629890500076501
local,1.0,4000,17,250,True,381722,338.3107956815511,9126026240,runs/predictor_iterations_s11227/refinement/local_effect1_blind_s17/report.json,train,0.11185996785759926,0.11185996785759926,0.12225065898895264,0.13480228106677533,0.1348022806495428,-3.0951443630300446e-09,0.08499497031171299
local,1.0,4000,17,250,False,381722,343.4238831140101,9126026240,runs/predictor_iterations_s11227/refinement/local_effect1_live_s17/report.json,development,0.0742170048567156,0.09138565277680755,0.08549970590199034,0.12149214061597984,0.1357149596636494,0.10479919887180345,0.13196186964909884
local,1.0,4000,17,250,False,381722,343.4238831140101,9126026240,runs/predictor_iterations_s11227/refinement/local_effect1_live_s17/report.json,id_development,0.13103195621321598,0.14583171179725063,0.14534188672486278,0.1294580124732521,0.14018034914301503,0.07648958456241095,0.09845703006963158
local,1.0,4000,17,250,False,381722,343.4238831140101,9126026240,runs/predictor_iterations_s11227/refinement/local_effect1_live_s17/report.json,train,0.10289844574034214,0.12389749066531658,0.12225065898895264,0.11715562725067138,0.1348022806495428,0.1309076768867803,0.15829945955840852
local,3.0,4000,17,250,True,381722,342.81756046414375,9126026240,runs/predictor_iterations_s11227/refinement/local_effect3_blind_s17/report.json,development,0.08139035354057948,0.08139035354057948,0.08549970590199034,0.13571496028453112,0.1357149596636494,-4.574895129394463e-09,0.04806276604180926
local,3.0,4000,17,250,True,381722,342.81756046414375,9126026240,runs/predictor_iterations_s11227/refinement/local_effect3_blind_s17/report.json,id_development,0.13640438579022884,0.13640438579022884,0.14534188672486278,0.14018035017781788,0.14018034914301503,-7.381939504114143e-09,0.06149294698198693
local,3.0,4000,17,250,True,381722,342.81756046414375,9126026240,runs/predictor_iterations_s11227/refinement/local_effect3_blind_s17/report.json,train,0.11190098023414612,0.11190098023414612,0.12225065898895264,0.13480228109657763,0.1348022806495428,-3.316225960503516e-09,0.08465949255735128
local,3.0,4000,17,250,False,381722,342.8117328239605,9126026240,runs/predictor_iterations_s11227/refinement/local_effect3_live_s17/report.json,development,0.07459256673852603,0.09116507383684318,0.08549970590199034,0.12126617971807718,0.1357149596636494,0.10646416564085137,0.12756931791048887
local,3.0,4000,17,250,False,381722,342.8117328239605,9126026240,runs/predictor_iterations_s11227/refinement/local_effect3_live_s17/report.json,id_development,0.13177543402545983,0.1458455083063907,0.14534188672486278,0.1292931791394949,0.14018034914301503,0.07766545075738684,0.093341658107719
local,3.0,4000,17,250,False,381722,342.8117328239605,9126026240,runs/predictor_iterations_s11227/refinement/local_effect3_live_s17/report.json,train,0.10380756087601185,0.1241913930028677,0.12225065898895264,0.1167820727005601,0.1348022806495428,0.13367880619046357,0.15086297501764323
affine,0.0,1500,17,250,True,200984,164.04219624958932,9099045376,runs/predictor_iterations_s11227/screen/affine_effect0_blind/report.json,development,0.0819721935937802,0.0819721935937802,0.08549970590199034,0.13571496059497198,0.1357149596636494,-6.862342694091694e-09,0.04125759581271282
affine,0.0,1500,17,250,True,200984,164.04219624958932,9099045376,runs/predictor_iterations_s11227/screen/affine_effect0_blind/report.json,id_development,0.1393998054166635,0.1393998054166635,0.14534188672486278,0.14018034976389673,0.14018034914301503,-4.429163702468486e-09,0.040883474420886357
affine,0.0,1500,17,250,True,200984,164.04219624958932,9099045376,runs/predictor_iterations_s11227/screen/affine_effect0_blind/report.json,train,0.11611746823787689,0.11611746823787689,0.12225065898895264,0.134802281036973,0.1348022806495428,-2.8740625435119682e-09,0.050168979061536056
affine,0.0,1500,17,250,False,200984,162.06961605045944,9099045376,runs/predictor_iterations_s11227/screen/affine_effect0_live/report.json,development,0.07700127984086673,0.08769256218026082,0.08549970590199034,0.1260431387151281,0.1357149596636494,0.07126569519301018,0.09939713793712335
affine,0.0,1500,17,250,False,200984,162.06961605045944,9099045376,runs/predictor_iterations_s11227/screen/affine_effect0_live/report.json,id_development,0.13538386062201527,0.14336278620693418,0.14534188672486278,0.13573255803849962,0.14018034914301503,0.031729062823047105,0.06851449590508207
affine,0.0,1500,17,250,False,200984,162.06961605045944,9099045376,runs/predictor_iterations_s11227/screen/affine_effect0_live/report.json,train,0.11140178093314171,0.12143445025384426,0.12225065898895264,0.12746790647506714,0.1348022806495428,0.05440838344229104,0.08874290041079702
affine,1.0,1500,17,250,True,200984,164.03477521054447,9123130368,runs/predictor_iterations_s11227/screen/affine_effect1_blind/report.json,development,0.0822721291333437,0.0822721291333437,0.08549970590199034,0.13571496059497198,0.1357149596636494,-6.862342694091694e-09,0.037749565739401025
affine,1.0,1500,17,250,True,200984,164.03477521054447,9123130368,runs/predictor_iterations_s11227/screen/affine_effect1_blind/report.json,id_development,0.13922248190889755,0.13922248190889755,0.14534188672486278,0.14018034955693615,0.14018034914301503,-2.9527755796010524e-09,0.042103518496009906
affine,1.0,1500,17,250,True,200984,164.03477521054447,9123130368,runs/predictor_iterations_s11227/screen/affine_effect1_blind/report.json,train,0.116039361089468,0.116039361089468,0.12225065898895264,0.134802281036973,0.1348022806495428,-2.8740625435119682e-09,0.05080788889690924
affine,1.0,1500,17,250,False,200984,163.73234363552183,9123130368,runs/predictor_iterations_s11227/screen/affine_effect1_live/report.json,development,0.07676649978384376,0.08733134483918548,0.08549970590199034,0.12551353592425585,0.1357149596636494,0.0751680121681233,0.10214311296178724
affine,1.0,1500,17,250,False,200984,163.73234363552183,9123130368,runs/predictor_iterations_s11227/screen/affine_effect1_live/report.json,id_development,0.13532889613674748,0.14331593385173214,0.14534188672486278,0.13459721994068888,0.14018034914301503,0.03982818730626869,0.06889266964774055
affine,1.0,1500,17,250,False,200984,163.73234363552183,9123130368,runs/predictor_iterations_s11227/screen/affine_effect1_live/report.json,train,0.11128436823189258,0.12152970853447914,0.12225065898895264,0.12594287724792957,0.1348022806495428,0.06572146523726696,0.08970332632768097
local,0.0,1500,17,250,True,381722,164.6328972298652,9101941248,runs/predictor_iterations_s11227/screen/local_effect0_blind/report.json,development,0.08187861771633227,0.08187861771633227,0.08549970590199034,0.1357149612158537,0.1357149596636494,-1.1437237823486157e-08,0.04235205428436184
local,0.0,1500,17,250,True,381722,164.6328972298652,9101941248,runs/predictor_iterations_s11227/screen/local_effect0_blind/report.json,id_development,0.13708659033808443,0.13708659033808443,0.14534188672486278,0.14018035038477844,0.14018034914301503,-8.858327404936972e-09,0.05679915523875034
local,0.0,1500,17,250,True,381722,164.6328972298652,9101941248,runs/predictor_iterations_s11227/screen/local_effect0_blind/report.json,train,0.11333857297897339,0.11333857297897339,0.12225065898895264,0.13480228100717068,0.1348022806495428,-2.6529809460384968e-09,0.07290010609091768
local,0.0,1500,17,250,False,381722,161.28932888619602,9101941248,runs/predictor_iterations_s11227/screen/local_effect0_live/report.json,development,0.07523303292691708,0.08811249646047752,0.08549970590199034,0.12342147311816613,0.1357149596636494,0.09058313524132466,0.12007845953110197
local,0.0,1500,17,250,False,381722,161.28932888619602,9101941248,runs/predictor_iterations_s11227/screen/local_effect0_live/report.json,id_development,0.1320950033971005,0.14351110646708143,0.14534188672486278,0.13216235426565012,0.14018034914301503,0.05719770942491209,0.09114291568843524
local,0.0,1500,17,250,False,381722,161.28932888619602,9101941248,runs/predictor_iterations_s11227/screen/local_effect0_live/report.json,train,0.10618942549824714,0.120874851167202,0.12225065898895264,0.12278971763700247,0.1348022806495428,0.08911246126295469,0.13137952485112492
local,1.0,1500,17,250,True,381722,163.88641442824155,9126026240,runs/predictor_iterations_s11227/screen/local_effect1_blind/report.json,development,0.08185462405284245,0.08185462405284245,0.08549970590199034,0.13571496059497198,0.1357149596636494,-6.862342694091694e-09,0.04263268289280786
local,1.0,1500,17,250,True,381722,163.88641442824155,9126026240,runs/predictor_iterations_s11227/screen/local_effect1_blind/report.json,id_development,0.13686202435443798,0.13686202435443798,0.14534188672486278,0.14018034955693615,0.14018034914301503,-2.9527755796010524e-09,0.05834424309130837
local,1.0,1500,17,250,True,381722,163.88641442824155,9126026240,runs/predictor_iterations_s11227/screen/local_effect1_blind/report.json,train,0.1132173447161913,0.1132173447161913,0.12225065898895264,0.13480228115618229,0.1348022806495428,-3.758389599539669e-09,0.07389174297684276
local,1.0,1500,17,250,False,381722,162.5449733156711,9126026240,runs/predictor_iterations_s11227/screen/local_effect1_live/report.json,development,0.07465912991513808,0.08851238635058205,0.08549970590199034,0.12215417871872584,0.1357149596636494,0.09992104760250509,0.12679079854706143
local,1.0,1500,17,250,False,381722,162.5449733156711,9126026240,runs/predictor_iterations_s11227/screen/local_effect1_live/report.json,id_development,0.13230325436840454,0.14420146743456522,0.14534188672486278,0.1303909346461296,0.14018034914301503,0.06983442798318362,0.08971008048864004
local,1.0,1500,17,250,False,381722,162.5449733156711,9126026240,runs/predictor_iterations_s11227/screen/local_effect1_live/report.json,train,0.10641724333167076,0.12172159561514855,0.12225065898895264,0.12085323675721883,0.1348022806495428,0.10347780338070478,0.12951599433678873
