policy,case_id,task_index,source,our_training_split,condition,episode,manual_seed,success,control_steps,max_steps,penalized_horizon_fraction,wall_seconds,peak_allocated_gib
native,S_00_30_normal,0,data/libero_raw/libero_10/KITCHEN_SCENE4_put_the_black_bowl_in_the_bottom_drawer_of_the_cabinet_and_close_it_demo.hdf5,validation,normal,demo_30,1247,True,325,500,0.65,41.35246016085148,12.52603006362915
native,S_00_30_camera,0,data/libero_raw/libero_10/KITCHEN_SCENE4_put_the_black_bowl_in_the_bottom_drawer_of_the_cabinet_and_close_it_demo.hdf5,validation,camera,demo_30,1247,True,390,500,0.78,49.05485602281988,12.52603006362915
native,S_00_30_lighting,0,data/libero_raw/libero_10/KITCHEN_SCENE4_put_the_black_bowl_in_the_bottom_drawer_of_the_cabinet_and_close_it_demo.hdf5,validation,lighting,demo_30,1247,True,225,500,0.45,30.572748016566038,12.52603006362915
native,S_00_30_combined,0,data/libero_raw/libero_10/KITCHEN_SCENE4_put_the_black_bowl_in_the_bottom_drawer_of_the_cabinet_and_close_it_demo.hdf5,validation,combined,demo_30,1247,True,325,500,0.65,42.46255291532725,12.52603006362915
native,S_00_40_normal,0,data/libero_raw/libero_10/KITCHEN_SCENE4_put_the_black_bowl_in_the_bottom_drawer_of_the_cabinet_and_close_it_demo.hdf5,validation,normal,demo_40,1257,True,200,500,0.4,27.885100084356964,12.52603006362915
native,S_00_40_camera,0,data/libero_raw/libero_10/KITCHEN_SCENE4_put_the_black_bowl_in_the_bottom_drawer_of_the_cabinet_and_close_it_demo.hdf5,validation,camera,demo_40,1257,True,215,500,0.43,29.839103937149048,12.52603006362915
native,S_00_40_lighting,0,data/libero_raw/libero_10/KITCHEN_SCENE4_put_the_black_bowl_in_the_bottom_drawer_of_the_cabinet_and_close_it_demo.hdf5,validation,lighting,demo_40,1257,True,220,500,0.44,30.01065801922232,12.52603006362915
native,S_00_40_combined,0,data/libero_raw/libero_10/KITCHEN_SCENE4_put_the_black_bowl_in_the_bottom_drawer_of_the_cabinet_and_close_it_demo.hdf5,validation,combined,demo_40,1257,True,225,500,0.45,30.808695514686406,12.52603006362915
native,S_01_30_normal,1,data/libero_raw/libero_10/KITCHEN_SCENE6_put_the_yellow_and_white_mug_in_the_microwave_and_close_it_demo.hdf5,test,normal,demo_30,2247,True,420,500,0.84,52.35979273356497,12.52603006362915
native,S_01_30_camera,1,data/libero_raw/libero_10/KITCHEN_SCENE6_put_the_yellow_and_white_mug_in_the_microwave_and_close_it_demo.hdf5,test,camera,demo_30,2247,True,375,500,0.75,48.0566788604483,12.52603006362915
native,S_01_30_lighting,1,data/libero_raw/libero_10/KITCHEN_SCENE6_put_the_yellow_and_white_mug_in_the_microwave_and_close_it_demo.hdf5,test,lighting,demo_30,2247,True,335,500,0.67,43.140643291175365,12.52603006362915
native,S_01_30_combined,1,data/libero_raw/libero_10/KITCHEN_SCENE6_put_the_yellow_and_white_mug_in_the_microwave_and_close_it_demo.hdf5,test,combined,demo_30,2247,True,375,500,0.75,47.849168460816145,12.52603006362915
native,S_01_40_normal,1,data/libero_raw/libero_10/KITCHEN_SCENE6_put_the_yellow_and_white_mug_in_the_microwave_and_close_it_demo.hdf5,test,normal,demo_40,2257,True,305,500,0.61,39.75632273964584,12.52603006362915
native,S_01_40_camera,1,data/libero_raw/libero_10/KITCHEN_SCENE6_put_the_yellow_and_white_mug_in_the_microwave_and_close_it_demo.hdf5,test,camera,demo_40,2257,False,500,500,1.0,60.6681952374056,12.52603006362915
native,S_01_40_lighting,1,data/libero_raw/libero_10/KITCHEN_SCENE6_put_the_yellow_and_white_mug_in_the_microwave_and_close_it_demo.hdf5,test,lighting,demo_40,2257,True,245,500,0.49,33.19704637583345,12.52603006362915
native,S_01_40_combined,1,data/libero_raw/libero_10/KITCHEN_SCENE6_put_the_yellow_and_white_mug_in_the_microwave_and_close_it_demo.hdf5,test,combined,demo_40,2257,True,265,500,0.53,35.74217732809484,12.52603006362915
native,S_02_30_normal,2,data/libero_raw/libero_10/KITCHEN_SCENE8_put_both_moka_pots_on_the_stove_demo.hdf5,test,normal,demo_30,3247,False,500,500,1.0,58.579296385869384,12.52603006362915
native,S_02_30_camera,2,data/libero_raw/libero_10/KITCHEN_SCENE8_put_both_moka_pots_on_the_stove_demo.hdf5,test,camera,demo_30,3247,False,500,500,1.0,58.49106869287789,12.52603006362915
native,S_02_30_lighting,2,data/libero_raw/libero_10/KITCHEN_SCENE8_put_both_moka_pots_on_the_stove_demo.hdf5,test,lighting,demo_30,3247,False,500,500,1.0,58.20456437021494,12.52603006362915
native,S_02_30_combined,2,data/libero_raw/libero_10/KITCHEN_SCENE8_put_both_moka_pots_on_the_stove_demo.hdf5,test,combined,demo_30,3247,False,500,500,1.0,58.85693792346865,12.52603006362915
native,S_02_40_normal,2,data/libero_raw/libero_10/KITCHEN_SCENE8_put_both_moka_pots_on_the_stove_demo.hdf5,test,normal,demo_40,3257,True,370,500,0.74,44.512374529615045,12.52603006362915
native,S_02_40_camera,2,data/libero_raw/libero_10/KITCHEN_SCENE8_put_both_moka_pots_on_the_stove_demo.hdf5,test,camera,demo_40,3257,True,460,500,0.92,54.659369280561805,12.52603006362915
native,S_02_40_lighting,2,data/libero_raw/libero_10/KITCHEN_SCENE8_put_both_moka_pots_on_the_stove_demo.hdf5,test,lighting,demo_40,3257,True,370,500,0.74,44.81022940482944,12.52603006362915
native,S_02_40_combined,2,data/libero_raw/libero_10/KITCHEN_SCENE8_put_both_moka_pots_on_the_stove_demo.hdf5,test,combined,demo_40,3257,True,475,500,0.95,63.12961426842958,12.52603006362915
native,S_03_30_normal,3,data/libero_raw/libero_10/LIVING_ROOM_SCENE2_put_both_the_alphabet_soup_and_the_tomato_sauce_in_the_basket_demo.hdf5,validation,normal,demo_30,4247,True,270,500,0.54,39.11780611611903,12.52603006362915
native,S_03_30_camera,3,data/libero_raw/libero_10/LIVING_ROOM_SCENE2_put_both_the_alphabet_soup_and_the_tomato_sauce_in_the_basket_demo.hdf5,validation,camera,demo_30,4247,True,270,500,0.54,38.26867852639407,12.52603006362915
native,S_03_30_lighting,3,data/libero_raw/libero_10/LIVING_ROOM_SCENE2_put_both_the_alphabet_soup_and_the_tomato_sauce_in_the_basket_demo.hdf5,validation,lighting,demo_30,4247,True,290,500,0.58,40.90219408646226,12.52603006362915
native,S_03_30_combined,3,data/libero_raw/libero_10/LIVING_ROOM_SCENE2_put_both_the_alphabet_soup_and_the_tomato_sauce_in_the_basket_demo.hdf5,validation,combined,demo_30,4247,True,275,500,0.55,39.27721500955522,12.52603006362915
native,S_03_40_normal,3,data/libero_raw/libero_10/LIVING_ROOM_SCENE2_put_both_the_alphabet_soup_and_the_tomato_sauce_in_the_basket_demo.hdf5,validation,normal,demo_40,4257,True,275,500,0.55,38.81647029146552,12.52603006362915
native,S_03_40_camera,3,data/libero_raw/libero_10/LIVING_ROOM_SCENE2_put_both_the_alphabet_soup_and_the_tomato_sauce_in_the_basket_demo.hdf5,validation,camera,demo_40,4257,True,250,500,0.5,36.56210913602263,12.52603006362915
native,S_03_40_lighting,3,data/libero_raw/libero_10/LIVING_ROOM_SCENE2_put_both_the_alphabet_soup_and_the_tomato_sauce_in_the_basket_demo.hdf5,validation,lighting,demo_40,4257,False,500,500,1.0,64.7555801095441,12.52603006362915
native,S_03_40_combined,3,data/libero_raw/libero_10/LIVING_ROOM_SCENE2_put_both_the_alphabet_soup_and_the_tomato_sauce_in_the_basket_demo.hdf5,validation,combined,demo_40,4257,True,245,500,0.49,36.193894292227924,12.52603006362915
native,S_04_30_normal,4,data/libero_raw/libero_10/LIVING_ROOM_SCENE2_put_both_the_cream_cheese_box_and_the_butter_in_the_basket_demo.hdf5,validation,normal,demo_30,5247,True,235,500,0.47,34.361429911106825,12.52603006362915
native,S_04_30_camera,4,data/libero_raw/libero_10/LIVING_ROOM_SCENE2_put_both_the_cream_cheese_box_and_the_butter_in_the_basket_demo.hdf5,validation,camera,demo_30,5247,True,265,500,0.53,37.583203823305666,12.52603006362915
native,S_04_30_lighting,4,data/libero_raw/libero_10/LIVING_ROOM_SCENE2_put_both_the_cream_cheese_box_and_the_butter_in_the_basket_demo.hdf5,validation,lighting,demo_30,5247,True,230,500,0.46,33.99856405239552,12.52603006362915
native,S_04_30_combined,4,data/libero_raw/libero_10/LIVING_ROOM_SCENE2_put_both_the_cream_cheese_box_and_the_butter_in_the_basket_demo.hdf5,validation,combined,demo_30,5247,True,240,500,0.48,37.53988045267761,12.52603006362915
native,S_04_40_normal,4,data/libero_raw/libero_10/LIVING_ROOM_SCENE2_put_both_the_cream_cheese_box_and_the_butter_in_the_basket_demo.hdf5,validation,normal,demo_40,5257,True,225,500,0.45,37.48617916367948,12.52603006362915
native,S_04_40_camera,4,data/libero_raw/libero_10/LIVING_ROOM_SCENE2_put_both_the_cream_cheese_box_and_the_butter_in_the_basket_demo.hdf5,validation,camera,demo_40,5257,True,265,500,0.53,37.95177107397467,12.52603006362915
native,S_04_40_lighting,4,data/libero_raw/libero_10/LIVING_ROOM_SCENE2_put_both_the_cream_cheese_box_and_the_butter_in_the_basket_demo.hdf5,validation,lighting,demo_40,5257,True,240,500,0.48,35.54434818495065,12.52603006362915
native,S_04_40_combined,4,data/libero_raw/libero_10/LIVING_ROOM_SCENE2_put_both_the_cream_cheese_box_and_the_butter_in_the_basket_demo.hdf5,validation,combined,demo_40,5257,True,285,500,0.57,40.25519911106676,12.52603006362915
native,S_05_30_normal,5,data/libero_raw/libero_10/STUDY_SCENE1_pick_up_the_book_and_place_it_in_the_back_compartment_of_the_caddy_demo.hdf5,test,normal,demo_30,6247,True,175,500,0.35,28.34467402845621,12.52603006362915
native,S_05_30_camera,5,data/libero_raw/libero_10/STUDY_SCENE1_pick_up_the_book_and_place_it_in_the_back_compartment_of_the_caddy_demo.hdf5,test,camera,demo_30,6247,True,225,500,0.45,35.22104789223522,12.52603006362915
native,S_05_30_lighting,5,data/libero_raw/libero_10/STUDY_SCENE1_pick_up_the_book_and_place_it_in_the_back_compartment_of_the_caddy_demo.hdf5,test,lighting,demo_30,6247,True,175,500,0.35,29.32059036474675,12.52603006362915
native,S_05_30_combined,5,data/libero_raw/libero_10/STUDY_SCENE1_pick_up_the_book_and_place_it_in_the_back_compartment_of_the_caddy_demo.hdf5,test,combined,demo_30,6247,True,180,500,0.36,30.22555372864008,12.52603006362915
native,S_05_40_normal,5,data/libero_raw/libero_10/STUDY_SCENE1_pick_up_the_book_and_place_it_in_the_back_compartment_of_the_caddy_demo.hdf5,test,normal,demo_40,6257,True,170,500,0.34,26.15516871958971,12.52603006362915
native,S_05_40_camera,5,data/libero_raw/libero_10/STUDY_SCENE1_pick_up_the_book_and_place_it_in_the_back_compartment_of_the_caddy_demo.hdf5,test,camera,demo_40,6257,True,155,500,0.31,26.908171949908137,12.52603006362915
native,S_05_40_lighting,5,data/libero_raw/libero_10/STUDY_SCENE1_pick_up_the_book_and_place_it_in_the_back_compartment_of_the_caddy_demo.hdf5,test,lighting,demo_40,6257,True,160,500,0.32,27.630354470573366,12.52603006362915
native,S_05_40_combined,5,data/libero_raw/libero_10/STUDY_SCENE1_pick_up_the_book_and_place_it_in_the_back_compartment_of_the_caddy_demo.hdf5,test,combined,demo_40,6257,True,170,500,0.34,28.952638604678214,12.52603006362915
native,S_06_30_normal,6,data/libero_raw/libero_object/pick_up_the_cream_cheese_and_place_it_in_the_basket_demo.hdf5,validation,normal,demo_30,7247,True,230,300,0.7666666666666667,37.24573924206197,12.52603006362915
native,S_06_30_camera,6,data/libero_raw/libero_object/pick_up_the_cream_cheese_and_place_it_in_the_basket_demo.hdf5,validation,camera,demo_30,7247,False,300,300,1.0,47.003633603453636,12.52603006362915
native,S_06_30_lighting,6,data/libero_raw/libero_object/pick_up_the_cream_cheese_and_place_it_in_the_basket_demo.hdf5,validation,lighting,demo_30,7247,True,255,300,0.85,38.69791408628225,12.52603006362915
native,S_06_30_combined,6,data/libero_raw/libero_object/pick_up_the_cream_cheese_and_place_it_in_the_basket_demo.hdf5,validation,combined,demo_30,7247,False,300,300,1.0,47.748393583111465,12.52603006362915
native,S_06_40_normal,6,data/libero_raw/libero_object/pick_up_the_cream_cheese_and_place_it_in_the_basket_demo.hdf5,validation,normal,demo_40,7257,True,145,300,0.48333333333333334,26.281449961476028,12.52603006362915
native,S_06_40_camera,6,data/libero_raw/libero_object/pick_up_the_cream_cheese_and_place_it_in_the_basket_demo.hdf5,validation,camera,demo_40,7257,True,120,300,0.4,23.18186020012945,12.52603006362915
native,S_06_40_lighting,6,data/libero_raw/libero_object/pick_up_the_cream_cheese_and_place_it_in_the_basket_demo.hdf5,validation,lighting,demo_40,7257,True,130,300,0.43333333333333335,24.791046378202736,12.52603006362915
native,S_06_40_combined,6,data/libero_raw/libero_object/pick_up_the_cream_cheese_and_place_it_in_the_basket_demo.hdf5,validation,combined,demo_40,7257,True,160,300,0.5333333333333333,28.664445736445487,12.52603006362915
native,S_07_30_normal,7,data/libero_raw/libero_object/pick_up_the_orange_juice_and_place_it_in_the_basket_demo.hdf5,test,normal,demo_30,8247,True,130,300,0.43333333333333335,24.592304770834744,12.52603006362915
native,S_07_30_camera,7,data/libero_raw/libero_object/pick_up_the_orange_juice_and_place_it_in_the_basket_demo.hdf5,test,camera,demo_30,8247,True,120,300,0.4,22.557438483461738,12.52603006362915
native,S_07_30_lighting,7,data/libero_raw/libero_object/pick_up_the_orange_juice_and_place_it_in_the_basket_demo.hdf5,test,lighting,demo_30,8247,True,140,300,0.4666666666666667,24.956172039732337,12.52603006362915
native,S_07_30_combined,7,data/libero_raw/libero_object/pick_up_the_orange_juice_and_place_it_in_the_basket_demo.hdf5,test,combined,demo_30,8247,True,120,300,0.4,23.410382776521146,12.52603006362915
native,S_07_40_normal,7,data/libero_raw/libero_object/pick_up_the_orange_juice_and_place_it_in_the_basket_demo.hdf5,test,normal,demo_40,8257,True,125,300,0.4166666666666667,23.786925920285285,12.52603006362915
native,S_07_40_camera,7,data/libero_raw/libero_object/pick_up_the_orange_juice_and_place_it_in_the_basket_demo.hdf5,test,camera,demo_40,8257,True,130,300,0.43333333333333335,24.701133555732667,12.52603006362915
native,S_07_40_lighting,7,data/libero_raw/libero_object/pick_up_the_orange_juice_and_place_it_in_the_basket_demo.hdf5,test,lighting,demo_40,8257,True,130,300,0.43333333333333335,24.827682168222964,12.52603006362915
native,S_07_40_combined,7,data/libero_raw/libero_object/pick_up_the_orange_juice_and_place_it_in_the_basket_demo.hdf5,test,combined,demo_40,8257,True,120,300,0.4,23.4311551079154,12.52603006362915
native,S_08_30_normal,8,data/libero_raw/libero_goal/open_the_middle_drawer_of_the_cabinet_demo.hdf5,train,normal,demo_30,9247,True,225,300,0.75,37.83041267469525,12.52603006362915
native,S_08_30_camera,8,data/libero_raw/libero_goal/open_the_middle_drawer_of_the_cabinet_demo.hdf5,train,camera,demo_30,9247,True,115,300,0.38333333333333336,22.95146568119526,12.52603006362915
native,S_08_30_lighting,8,data/libero_raw/libero_goal/open_the_middle_drawer_of_the_cabinet_demo.hdf5,train,lighting,demo_30,9247,True,115,300,0.38333333333333336,22.81647628173232,12.52603006362915
native,S_08_30_combined,8,data/libero_raw/libero_goal/open_the_middle_drawer_of_the_cabinet_demo.hdf5,train,combined,demo_30,9247,True,130,300,0.43333333333333335,23.126448897644877,12.52603006362915
native,S_08_40_normal,8,data/libero_raw/libero_goal/open_the_middle_drawer_of_the_cabinet_demo.hdf5,train,normal,demo_40,9257,True,130,300,0.43333333333333335,24.156083666719496,12.52603006362915
native,S_08_40_camera,8,data/libero_raw/libero_goal/open_the_middle_drawer_of_the_cabinet_demo.hdf5,train,camera,demo_40,9257,False,300,300,1.0,47.39691708795726,12.52603006362915
native,S_08_40_lighting,8,data/libero_raw/libero_goal/open_the_middle_drawer_of_the_cabinet_demo.hdf5,train,lighting,demo_40,9257,True,130,300,0.43333333333333335,24.590411802753806,12.52603006362915
native,S_08_40_combined,8,data/libero_raw/libero_goal/open_the_middle_drawer_of_the_cabinet_demo.hdf5,train,combined,demo_40,9257,False,300,300,1.0,47.235677185468376,12.52603006362915
native,S_09_30_normal,9,data/libero_raw/libero_goal/put_the_wine_bottle_on_the_rack_demo.hdf5,train,normal,demo_30,10247,True,135,300,0.45,25.231973118148744,12.52603006362915
native,S_09_30_camera,9,data/libero_raw/libero_goal/put_the_wine_bottle_on_the_rack_demo.hdf5,train,camera,demo_30,10247,False,300,300,1.0,47.077996449545026,12.52603006362915
native,S_09_30_lighting,9,data/libero_raw/libero_goal/put_the_wine_bottle_on_the_rack_demo.hdf5,train,lighting,demo_30,10247,True,130,300,0.43333333333333335,24.571903035975993,12.52603006362915
native,S_09_30_combined,9,data/libero_raw/libero_goal/put_the_wine_bottle_on_the_rack_demo.hdf5,train,combined,demo_30,10247,True,140,300,0.4666666666666667,26.017918628640473,12.52603006362915
native,S_09_40_normal,9,data/libero_raw/libero_goal/put_the_wine_bottle_on_the_rack_demo.hdf5,train,normal,demo_40,10257,True,160,300,0.5333333333333333,25.81290443893522,12.52603006362915
native,S_09_40_camera,9,data/libero_raw/libero_goal/put_the_wine_bottle_on_the_rack_demo.hdf5,train,camera,demo_40,10257,True,155,300,0.5166666666666667,27.972769893705845,12.52603006362915
native,S_09_40_lighting,9,data/libero_raw/libero_goal/put_the_wine_bottle_on_the_rack_demo.hdf5,train,lighting,demo_40,10257,True,125,300,0.4166666666666667,23.82770312577486,12.52603006362915
native,S_09_40_combined,9,data/libero_raw/libero_goal/put_the_wine_bottle_on_the_rack_demo.hdf5,train,combined,demo_40,10257,True,140,300,0.4666666666666667,25.774977192282677,12.52603006362915
native,S_10_30_normal,10,data/libero_raw/libero_object/pick_up_the_milk_and_place_it_in_the_basket_demo.hdf5,train,normal,demo_30,11247,True,170,300,0.5666666666666667,29.152013496495783,12.52603006362915
native,S_10_30_camera,10,data/libero_raw/libero_object/pick_up_the_milk_and_place_it_in_the_basket_demo.hdf5,train,camera,demo_30,11247,True,185,300,0.6166666666666667,30.811319158412516,12.52603006362915
native,S_10_30_lighting,10,data/libero_raw/libero_object/pick_up_the_milk_and_place_it_in_the_basket_demo.hdf5,train,lighting,demo_30,11247,True,175,300,0.5833333333333334,29.772178725339472,12.52603006362915
native,S_10_30_combined,10,data/libero_raw/libero_object/pick_up_the_milk_and_place_it_in_the_basket_demo.hdf5,train,combined,demo_30,11247,True,185,300,0.6166666666666667,30.69479901622981,12.52603006362915
native,S_10_40_normal,10,data/libero_raw/libero_object/pick_up_the_milk_and_place_it_in_the_basket_demo.hdf5,train,normal,demo_40,11257,True,115,300,0.38333333333333336,19.447051686234772,12.52603006362915
native,S_10_40_camera,10,data/libero_raw/libero_object/pick_up_the_milk_and_place_it_in_the_basket_demo.hdf5,train,camera,demo_40,11257,False,300,300,1.0,39.002842967398465,12.52603006362915
native,S_10_40_lighting,10,data/libero_raw/libero_object/pick_up_the_milk_and_place_it_in_the_basket_demo.hdf5,train,lighting,demo_40,11257,True,120,300,0.4,20.031747916713357,12.52603006362915
native,S_10_40_combined,10,data/libero_raw/libero_object/pick_up_the_milk_and_place_it_in_the_basket_demo.hdf5,train,combined,demo_40,11257,True,290,300,0.9666666666666667,37.802654976956546,12.52603006362915
native,S_11_30_normal,11,data/libero_raw/libero_spatial/pick_up_the_black_bowl_next_to_the_cookie_box_and_place_it_on_the_plate_demo.hdf5,train,normal,demo_30,12247,True,110,300,0.36666666666666664,21.208054967224598,12.52603006362915
native,S_11_30_camera,11,data/libero_raw/libero_spatial/pick_up_the_black_bowl_next_to_the_cookie_box_and_place_it_on_the_plate_demo.hdf5,train,camera,demo_30,12247,True,105,300,0.35,20.71027083788067,12.52603006362915
native,S_11_30_lighting,11,data/libero_raw/libero_spatial/pick_up_the_black_bowl_next_to_the_cookie_box_and_place_it_on_the_plate_demo.hdf5,train,lighting,demo_30,12247,True,105,300,0.35,20.68448891490698,12.52603006362915
native,S_11_30_combined,11,data/libero_raw/libero_spatial/pick_up_the_black_bowl_next_to_the_cookie_box_and_place_it_on_the_plate_demo.hdf5,train,combined,demo_30,12247,True,105,300,0.35,20.906626955606043,12.52603006362915
native,S_11_40_normal,11,data/libero_raw/libero_spatial/pick_up_the_black_bowl_next_to_the_cookie_box_and_place_it_on_the_plate_demo.hdf5,train,normal,demo_40,12257,True,110,300,0.36666666666666664,21.297525350004435,12.52603006362915
native,S_11_40_camera,11,data/libero_raw/libero_spatial/pick_up_the_black_bowl_next_to_the_cookie_box_and_place_it_on_the_plate_demo.hdf5,train,camera,demo_40,12257,True,105,300,0.35,20.850477718748152,12.52603006362915
native,S_11_40_lighting,11,data/libero_raw/libero_spatial/pick_up_the_black_bowl_next_to_the_cookie_box_and_place_it_on_the_plate_demo.hdf5,train,lighting,demo_40,12257,True,105,300,0.35,20.62709743808955,12.52603006362915
native,S_11_40_combined,11,data/libero_raw/libero_spatial/pick_up_the_black_bowl_next_to_the_cookie_box_and_place_it_on_the_plate_demo.hdf5,train,combined,demo_40,12257,True,105,300,0.35,20.826123890466988,12.52603006362915
best,S_00_30_normal,0,data/libero_raw/libero_10/KITCHEN_SCENE4_put_the_black_bowl_in_the_bottom_drawer_of_the_cabinet_and_close_it_demo.hdf5,validation,normal,demo_30,1247,True,245,500,0.49,40.57791044656187,12.534923076629639
best,S_00_30_camera,0,data/libero_raw/libero_10/KITCHEN_SCENE4_put_the_black_bowl_in_the_bottom_drawer_of_the_cabinet_and_close_it_demo.hdf5,validation,camera,demo_30,1247,True,310,500,0.62,50.65167135000229,12.534923076629639
best,S_00_30_lighting,0,data/libero_raw/libero_10/KITCHEN_SCENE4_put_the_black_bowl_in_the_bottom_drawer_of_the_cabinet_and_close_it_demo.hdf5,validation,lighting,demo_30,1247,True,260,500,0.52,43.22092164494097,12.534923076629639
best,S_00_30_combined,0,data/libero_raw/libero_10/KITCHEN_SCENE4_put_the_black_bowl_in_the_bottom_drawer_of_the_cabinet_and_close_it_demo.hdf5,validation,combined,demo_30,1247,True,345,500,0.69,55.87878621555865,12.534923076629639
best,S_00_40_normal,0,data/libero_raw/libero_10/KITCHEN_SCENE4_put_the_black_bowl_in_the_bottom_drawer_of_the_cabinet_and_close_it_demo.hdf5,validation,normal,demo_40,1257,True,215,500,0.43,36.92393069714308,12.534923076629639
best,S_00_40_camera,0,data/libero_raw/libero_10/KITCHEN_SCENE4_put_the_black_bowl_in_the_bottom_drawer_of_the_cabinet_and_close_it_demo.hdf5,validation,camera,demo_40,1257,True,240,500,0.48,40.981596659868956,12.534923076629639
best,S_00_40_lighting,0,data/libero_raw/libero_10/KITCHEN_SCENE4_put_the_black_bowl_in_the_bottom_drawer_of_the_cabinet_and_close_it_demo.hdf5,validation,lighting,demo_40,1257,True,245,500,0.49,41.196643312461674,12.534923076629639
best,S_00_40_combined,0,data/libero_raw/libero_10/KITCHEN_SCENE4_put_the_black_bowl_in_the_bottom_drawer_of_the_cabinet_and_close_it_demo.hdf5,validation,combined,demo_40,1257,True,235,500,0.47,40.01742566935718,12.534923076629639
best,S_01_30_normal,1,data/libero_raw/libero_10/KITCHEN_SCENE6_put_the_yellow_and_white_mug_in_the_microwave_and_close_it_demo.hdf5,test,normal,demo_30,2247,True,365,500,0.73,59.309084051288664,12.534913539886475
best,S_01_30_camera,1,data/libero_raw/libero_10/KITCHEN_SCENE6_put_the_yellow_and_white_mug_in_the_microwave_and_close_it_demo.hdf5,test,camera,demo_30,2247,True,310,500,0.62,51.83762407489121,12.534913539886475
best,S_01_30_lighting,1,data/libero_raw/libero_10/KITCHEN_SCENE6_put_the_yellow_and_white_mug_in_the_microwave_and_close_it_demo.hdf5,test,lighting,demo_30,2247,True,275,500,0.55,46.83900067117065,12.534913539886475
best,S_01_30_combined,1,data/libero_raw/libero_10/KITCHEN_SCENE6_put_the_yellow_and_white_mug_in_the_microwave_and_close_it_demo.hdf5,test,combined,demo_30,2247,True,320,500,0.64,53.01855822931975,12.534913539886475
best,S_01_40_normal,1,data/libero_raw/libero_10/KITCHEN_SCENE6_put_the_yellow_and_white_mug_in_the_microwave_and_close_it_demo.hdf5,test,normal,demo_40,2257,False,500,500,1.0,78.97019196487963,12.534913539886475
best,S_01_40_camera,1,data/libero_raw/libero_10/KITCHEN_SCENE6_put_the_yellow_and_white_mug_in_the_microwave_and_close_it_demo.hdf5,test,camera,demo_40,2257,False,500,500,1.0,78.89048535842448,12.534913539886475
best,S_01_40_lighting,1,data/libero_raw/libero_10/KITCHEN_SCENE6_put_the_yellow_and_white_mug_in_the_microwave_and_close_it_demo.hdf5,test,lighting,demo_40,2257,False,500,500,1.0,78.61228117812425,12.534913539886475
best,S_01_40_combined,1,data/libero_raw/libero_10/KITCHEN_SCENE6_put_the_yellow_and_white_mug_in_the_microwave_and_close_it_demo.hdf5,test,combined,demo_40,2257,True,365,500,0.73,59.851245280355215,12.534913539886475
best,S_02_30_normal,2,data/libero_raw/libero_10/KITCHEN_SCENE8_put_both_moka_pots_on_the_stove_demo.hdf5,test,normal,demo_30,3247,True,440,500,0.88,68.36170524265617,12.534894466400146
best,S_02_30_camera,2,data/libero_raw/libero_10/KITCHEN_SCENE8_put_both_moka_pots_on_the_stove_demo.hdf5,test,camera,demo_30,3247,False,500,500,1.0,77.3924625441432,12.534894466400146
best,S_02_30_lighting,2,data/libero_raw/libero_10/KITCHEN_SCENE8_put_both_moka_pots_on_the_stove_demo.hdf5,test,lighting,demo_30,3247,True,395,500,0.79,61.53752690367401,12.534894466400146
best,S_02_30_combined,2,data/libero_raw/libero_10/KITCHEN_SCENE8_put_both_moka_pots_on_the_stove_demo.hdf5,test,combined,demo_30,3247,False,500,500,1.0,77.1491752807051,12.534894466400146
best,S_02_40_normal,2,data/libero_raw/libero_10/KITCHEN_SCENE8_put_both_moka_pots_on_the_stove_demo.hdf5,test,normal,demo_40,3257,True,380,500,0.76,59.114281019195914,12.534894466400146
best,S_02_40_camera,2,data/libero_raw/libero_10/KITCHEN_SCENE8_put_both_moka_pots_on_the_stove_demo.hdf5,test,camera,demo_40,3257,True,370,500,0.74,58.19554466288537,12.534894466400146
best,S_02_40_lighting,2,data/libero_raw/libero_10/KITCHEN_SCENE8_put_both_moka_pots_on_the_stove_demo.hdf5,test,lighting,demo_40,3257,True,380,500,0.76,59.283643753267825,12.534894466400146
best,S_02_40_combined,2,data/libero_raw/libero_10/KITCHEN_SCENE8_put_both_moka_pots_on_the_stove_demo.hdf5,test,combined,demo_40,3257,True,445,500,0.89,69.12893589958549,12.534894466400146
best,S_03_30_normal,3,data/libero_raw/libero_10/LIVING_ROOM_SCENE2_put_both_the_alphabet_soup_and_the_tomato_sauce_in_the_basket_demo.hdf5,validation,normal,demo_30,4247,True,270,500,0.54,48.90977254975587,12.534913539886475
best,S_03_30_camera,3,data/libero_raw/libero_10/LIVING_ROOM_SCENE2_put_both_the_alphabet_soup_and_the_tomato_sauce_in_the_basket_demo.hdf5,validation,camera,demo_30,4247,True,260,500,0.52,46.90806673467159,12.534913539886475
best,S_03_30_lighting,3,data/libero_raw/libero_10/LIVING_ROOM_SCENE2_put_both_the_alphabet_soup_and_the_tomato_sauce_in_the_basket_demo.hdf5,validation,lighting,demo_30,4247,True,280,500,0.56,49.97106493357569,12.534913539886475
best,S_03_30_combined,3,data/libero_raw/libero_10/LIVING_ROOM_SCENE2_put_both_the_alphabet_soup_and_the_tomato_sauce_in_the_basket_demo.hdf5,validation,combined,demo_30,4247,True,260,500,0.52,47.23516258317977,12.534913539886475
best,S_03_40_normal,3,data/libero_raw/libero_10/LIVING_ROOM_SCENE2_put_both_the_alphabet_soup_and_the_tomato_sauce_in_the_basket_demo.hdf5,validation,normal,demo_40,4257,True,350,500,0.7,59.69193722680211,12.534913539886475
best,S_03_40_camera,3,data/libero_raw/libero_10/LIVING_ROOM_SCENE2_put_both_the_alphabet_soup_and_the_tomato_sauce_in_the_basket_demo.hdf5,validation,camera,demo_40,4257,True,250,500,0.5,45.61974595300853,12.534913539886475
best,S_03_40_lighting,3,data/libero_raw/libero_10/LIVING_ROOM_SCENE2_put_both_the_alphabet_soup_and_the_tomato_sauce_in_the_basket_demo.hdf5,validation,lighting,demo_40,4257,False,500,500,1.0,82.26003853324801,12.534913539886475
best,S_03_40_combined,3,data/libero_raw/libero_10/LIVING_ROOM_SCENE2_put_both_the_alphabet_soup_and_the_tomato_sauce_in_the_basket_demo.hdf5,validation,combined,demo_40,4257,True,270,500,0.54,48.72271290514618,12.534913539886475
best,S_04_30_normal,4,data/libero_raw/libero_10/LIVING_ROOM_SCENE2_put_both_the_cream_cheese_box_and_the_butter_in_the_basket_demo.hdf5,validation,normal,demo_30,5247,True,240,500,0.48,43.86935365572572,12.534913539886475
best,S_04_30_camera,4,data/libero_raw/libero_10/LIVING_ROOM_SCENE2_put_both_the_cream_cheese_box_and_the_butter_in_the_basket_demo.hdf5,validation,camera,demo_30,5247,True,280,500,0.56,50.09266082942486,12.534913539886475
best,S_04_30_lighting,4,data/libero_raw/libero_10/LIVING_ROOM_SCENE2_put_both_the_cream_cheese_box_and_the_butter_in_the_basket_demo.hdf5,validation,lighting,demo_30,5247,True,245,500,0.49,44.86035121139139,12.534913539886475
best,S_04_30_combined,4,data/libero_raw/libero_10/LIVING_ROOM_SCENE2_put_both_the_cream_cheese_box_and_the_butter_in_the_basket_demo.hdf5,validation,combined,demo_30,5247,True,280,500,0.56,49.9628363950178,12.534913539886475
best,S_04_40_normal,4,data/libero_raw/libero_10/LIVING_ROOM_SCENE2_put_both_the_cream_cheese_box_and_the_butter_in_the_basket_demo.hdf5,validation,normal,demo_40,5257,True,245,500,0.49,44.73288645595312,12.534913539886475
best,S_04_40_camera,4,data/libero_raw/libero_10/LIVING_ROOM_SCENE2_put_both_the_cream_cheese_box_and_the_butter_in_the_basket_demo.hdf5,validation,camera,demo_40,5257,True,235,500,0.47,43.22663165349513,12.534913539886475
best,S_04_40_lighting,4,data/libero_raw/libero_10/LIVING_ROOM_SCENE2_put_both_the_cream_cheese_box_and_the_butter_in_the_basket_demo.hdf5,validation,lighting,demo_40,5257,True,245,500,0.49,44.49738259986043,12.534913539886475
best,S_04_40_combined,4,data/libero_raw/libero_10/LIVING_ROOM_SCENE2_put_both_the_cream_cheese_box_and_the_butter_in_the_basket_demo.hdf5,validation,combined,demo_40,5257,True,235,500,0.47,43.232627044431865,12.534913539886475
best,S_05_30_normal,5,data/libero_raw/libero_10/STUDY_SCENE1_pick_up_the_book_and_place_it_in_the_back_compartment_of_the_caddy_demo.hdf5,test,normal,demo_30,6247,False,500,500,1.0,78.10420518368483,12.53492784500122
best,S_05_30_camera,5,data/libero_raw/libero_10/STUDY_SCENE1_pick_up_the_book_and_place_it_in_the_back_compartment_of_the_caddy_demo.hdf5,test,camera,demo_30,6247,True,175,500,0.35,32.10417145304382,12.53492784500122
best,S_05_30_lighting,5,data/libero_raw/libero_10/STUDY_SCENE1_pick_up_the_book_and_place_it_in_the_back_compartment_of_the_caddy_demo.hdf5,test,lighting,demo_30,6247,False,500,500,1.0,78.54328152816743,12.53492784500122
best,S_05_30_combined,5,data/libero_raw/libero_10/STUDY_SCENE1_pick_up_the_book_and_place_it_in_the_back_compartment_of_the_caddy_demo.hdf5,test,combined,demo_30,6247,True,170,500,0.34,31.56095126736909,12.53492784500122
best,S_05_40_normal,5,data/libero_raw/libero_10/STUDY_SCENE1_pick_up_the_book_and_place_it_in_the_back_compartment_of_the_caddy_demo.hdf5,test,normal,demo_40,6257,True,180,500,0.36,32.63684162031859,12.53492784500122
best,S_05_40_camera,5,data/libero_raw/libero_10/STUDY_SCENE1_pick_up_the_book_and_place_it_in_the_back_compartment_of_the_caddy_demo.hdf5,test,camera,demo_40,6257,True,190,500,0.38,33.916290525346994,12.53492784500122
best,S_05_40_lighting,5,data/libero_raw/libero_10/STUDY_SCENE1_pick_up_the_book_and_place_it_in_the_back_compartment_of_the_caddy_demo.hdf5,test,lighting,demo_40,6257,True,185,500,0.37,33.49324076157063,12.53492784500122
best,S_05_40_combined,5,data/libero_raw/libero_10/STUDY_SCENE1_pick_up_the_book_and_place_it_in_the_back_compartment_of_the_caddy_demo.hdf5,test,combined,demo_40,6257,True,190,500,0.38,34.449383586645126,12.53492784500122
best,S_06_30_normal,6,data/libero_raw/libero_object/pick_up_the_cream_cheese_and_place_it_in_the_basket_demo.hdf5,validation,normal,demo_30,7247,True,130,300,0.43333333333333335,26.228492540307343,12.534908771514893
best,S_06_30_camera,6,data/libero_raw/libero_object/pick_up_the_cream_cheese_and_place_it_in_the_basket_demo.hdf5,validation,camera,demo_30,7247,True,175,300,0.5833333333333334,33.00911444053054,12.534908771514893
best,S_06_30_lighting,6,data/libero_raw/libero_object/pick_up_the_cream_cheese_and_place_it_in_the_basket_demo.hdf5,validation,lighting,demo_30,7247,True,130,300,0.43333333333333335,26.01696044113487,12.534908771514893
best,S_06_30_combined,6,data/libero_raw/libero_object/pick_up_the_cream_cheese_and_place_it_in_the_basket_demo.hdf5,validation,combined,demo_30,7247,True,190,300,0.6333333333333333,34.74817430693656,12.534908771514893
best,S_06_40_normal,6,data/libero_raw/libero_object/pick_up_the_cream_cheese_and_place_it_in_the_basket_demo.hdf5,validation,normal,demo_40,7257,True,155,300,0.5166666666666667,29.41763988789171,12.534908771514893
best,S_06_40_camera,6,data/libero_raw/libero_object/pick_up_the_cream_cheese_and_place_it_in_the_basket_demo.hdf5,validation,camera,demo_40,7257,True,130,300,0.43333333333333335,25.916351731866598,12.534908771514893
best,S_06_40_lighting,6,data/libero_raw/libero_object/pick_up_the_cream_cheese_and_place_it_in_the_basket_demo.hdf5,validation,lighting,demo_40,7257,True,155,300,0.5166666666666667,29.509427511133254,12.534908771514893
best,S_06_40_combined,6,data/libero_raw/libero_object/pick_up_the_cream_cheese_and_place_it_in_the_basket_demo.hdf5,validation,combined,demo_40,7257,True,145,300,0.48333333333333334,28.063058976083994,12.534908771514893
best,S_07_30_normal,7,data/libero_raw/libero_object/pick_up_the_orange_juice_and_place_it_in_the_basket_demo.hdf5,test,normal,demo_30,8247,True,135,300,0.45,26.48554704338312,12.534908771514893
best,S_07_30_camera,7,data/libero_raw/libero_object/pick_up_the_orange_juice_and_place_it_in_the_basket_demo.hdf5,test,camera,demo_30,8247,True,130,300,0.43333333333333335,25.948823189362884,12.534908771514893
best,S_07_30_lighting,7,data/libero_raw/libero_object/pick_up_the_orange_juice_and_place_it_in_the_basket_demo.hdf5,test,lighting,demo_30,8247,True,160,300,0.5333333333333333,30.201138257980347,12.534908771514893
best,S_07_30_combined,7,data/libero_raw/libero_object/pick_up_the_orange_juice_and_place_it_in_the_basket_demo.hdf5,test,combined,demo_30,8247,True,135,300,0.45,26.69137853011489,12.534908771514893
best,S_07_40_normal,7,data/libero_raw/libero_object/pick_up_the_orange_juice_and_place_it_in_the_basket_demo.hdf5,test,normal,demo_40,8257,True,165,300,0.55,30.93743757531047,12.534908771514893
best,S_07_40_camera,7,data/libero_raw/libero_object/pick_up_the_orange_juice_and_place_it_in_the_basket_demo.hdf5,test,camera,demo_40,8257,True,135,300,0.45,26.552419804036617,12.534908771514893
best,S_07_40_lighting,7,data/libero_raw/libero_object/pick_up_the_orange_juice_and_place_it_in_the_basket_demo.hdf5,test,lighting,demo_40,8257,True,140,300,0.4666666666666667,27.5504982592538,12.534908771514893
best,S_07_40_combined,7,data/libero_raw/libero_object/pick_up_the_orange_juice_and_place_it_in_the_basket_demo.hdf5,test,combined,demo_40,8257,True,135,300,0.45,26.799403277225792,12.534908771514893
best,S_08_30_normal,8,data/libero_raw/libero_goal/open_the_middle_drawer_of_the_cabinet_demo.hdf5,train,normal,demo_30,9247,True,115,300,0.38333333333333336,23.68589133489877,12.534889698028564
best,S_08_30_camera,8,data/libero_raw/libero_goal/open_the_middle_drawer_of_the_cabinet_demo.hdf5,train,camera,demo_30,9247,True,155,300,0.5166666666666667,29.44094132166356,12.534889698028564
best,S_08_30_lighting,8,data/libero_raw/libero_goal/open_the_middle_drawer_of_the_cabinet_demo.hdf5,train,lighting,demo_30,9247,True,115,300,0.38333333333333336,23.805580304004252,12.534889698028564
best,S_08_30_combined,8,data/libero_raw/libero_goal/open_the_middle_drawer_of_the_cabinet_demo.hdf5,train,combined,demo_30,9247,False,300,300,1.0,50.808440334163606,12.534889698028564
best,S_08_40_normal,8,data/libero_raw/libero_goal/open_the_middle_drawer_of_the_cabinet_demo.hdf5,train,normal,demo_40,9257,True,140,300,0.4666666666666667,27.464376200921834,12.534889698028564
best,S_08_40_camera,8,data/libero_raw/libero_goal/open_the_middle_drawer_of_the_cabinet_demo.hdf5,train,camera,demo_40,9257,True,120,300,0.4,24.48028285522014,12.534889698028564
best,S_08_40_lighting,8,data/libero_raw/libero_goal/open_the_middle_drawer_of_the_cabinet_demo.hdf5,train,lighting,demo_40,9257,True,135,300,0.45,26.48631166573614,12.534889698028564
best,S_08_40_combined,8,data/libero_raw/libero_goal/open_the_middle_drawer_of_the_cabinet_demo.hdf5,train,combined,demo_40,9257,True,120,300,0.4,24.56275842245668,12.534889698028564
best,S_09_30_normal,9,data/libero_raw/libero_goal/put_the_wine_bottle_on_the_rack_demo.hdf5,train,normal,demo_30,10247,True,130,300,0.43333333333333335,25.69008979294449,12.534889698028564
best,S_09_30_camera,9,data/libero_raw/libero_goal/put_the_wine_bottle_on_the_rack_demo.hdf5,train,camera,demo_30,10247,True,130,300,0.43333333333333335,25.90162186231464,12.534889698028564
best,S_09_30_lighting,9,data/libero_raw/libero_goal/put_the_wine_bottle_on_the_rack_demo.hdf5,train,lighting,demo_30,10247,True,140,300,0.4666666666666667,27.45961928833276,12.534889698028564
best,S_09_30_combined,9,data/libero_raw/libero_goal/put_the_wine_bottle_on_the_rack_demo.hdf5,train,combined,demo_30,10247,True,145,300,0.48333333333333334,28.43498758971691,12.534889698028564
best,S_09_40_normal,9,data/libero_raw/libero_goal/put_the_wine_bottle_on_the_rack_demo.hdf5,train,normal,demo_40,10257,True,135,300,0.45,26.519576700404286,12.534889698028564
best,S_09_40_camera,9,data/libero_raw/libero_goal/put_the_wine_bottle_on_the_rack_demo.hdf5,train,camera,demo_40,10257,False,300,300,1.0,50.90265041962266,12.534889698028564
best,S_09_40_lighting,9,data/libero_raw/libero_goal/put_the_wine_bottle_on_the_rack_demo.hdf5,train,lighting,demo_40,10257,True,135,300,0.45,26.584030281752348,12.534889698028564
best,S_09_40_combined,9,data/libero_raw/libero_goal/put_the_wine_bottle_on_the_rack_demo.hdf5,train,combined,demo_40,10257,True,180,300,0.6,33.58765111211687,12.534889698028564
best,S_10_30_normal,10,data/libero_raw/libero_object/pick_up_the_milk_and_place_it_in_the_basket_demo.hdf5,train,normal,demo_30,11247,True,130,300,0.43333333333333335,25.626915187574923,12.53490400314331
best,S_10_30_camera,10,data/libero_raw/libero_object/pick_up_the_milk_and_place_it_in_the_basket_demo.hdf5,train,camera,demo_30,11247,True,130,300,0.43333333333333335,25.65963984467089,12.53490400314331
best,S_10_30_lighting,10,data/libero_raw/libero_object/pick_up_the_milk_and_place_it_in_the_basket_demo.hdf5,train,lighting,demo_30,11247,True,140,300,0.4666666666666667,27.132046752609313,12.53490400314331
best,S_10_30_combined,10,data/libero_raw/libero_object/pick_up_the_milk_and_place_it_in_the_basket_demo.hdf5,train,combined,demo_30,11247,True,140,300,0.4666666666666667,27.130895437672734,12.53490400314331
best,S_10_40_normal,10,data/libero_raw/libero_object/pick_up_the_milk_and_place_it_in_the_basket_demo.hdf5,train,normal,demo_40,11257,True,135,300,0.45,26.30852190684527,12.53490400314331
best,S_10_40_camera,10,data/libero_raw/libero_object/pick_up_the_milk_and_place_it_in_the_basket_demo.hdf5,train,camera,demo_40,11257,False,300,300,1.0,50.064651019871235,12.53490400314331
best,S_10_40_lighting,10,data/libero_raw/libero_object/pick_up_the_milk_and_place_it_in_the_basket_demo.hdf5,train,lighting,demo_40,11257,True,140,300,0.4666666666666667,27.268476095981896,12.53490400314331
best,S_10_40_combined,10,data/libero_raw/libero_object/pick_up_the_milk_and_place_it_in_the_basket_demo.hdf5,train,combined,demo_40,11257,False,300,300,1.0,50.662034157663584,12.53490400314331
best,S_11_30_normal,11,data/libero_raw/libero_spatial/pick_up_the_black_bowl_next_to_the_cookie_box_and_place_it_on_the_plate_demo.hdf5,train,normal,demo_30,12247,True,110,300,0.36666666666666664,25.22331568133086,12.53492784500122
best,S_11_30_camera,11,data/libero_raw/libero_spatial/pick_up_the_black_bowl_next_to_the_cookie_box_and_place_it_on_the_plate_demo.hdf5,train,camera,demo_30,12247,True,105,300,0.35,24.613538687117398,12.534923076629639
best,S_11_30_lighting,11,data/libero_raw/libero_spatial/pick_up_the_black_bowl_next_to_the_cookie_box_and_place_it_on_the_plate_demo.hdf5,train,lighting,demo_30,12247,True,120,300,0.4,26.805497340857983,12.534932613372803
best,S_11_30_combined,11,data/libero_raw/libero_spatial/pick_up_the_black_bowl_next_to_the_cookie_box_and_place_it_on_the_plate_demo.hdf5,train,combined,demo_30,12247,True,105,300,0.35,24.31789715308696,12.534923076629639
best,S_11_40_normal,11,data/libero_raw/libero_spatial/pick_up_the_black_bowl_next_to_the_cookie_box_and_place_it_on_the_plate_demo.hdf5,train,normal,demo_40,12257,True,115,300,0.38333333333333336,25.916341136209667,12.534932613372803
best,S_11_40_camera,11,data/libero_raw/libero_spatial/pick_up_the_black_bowl_next_to_the_cookie_box_and_place_it_on_the_plate_demo.hdf5,train,camera,demo_40,12257,True,115,300,0.38333333333333336,25.809335119090974,12.534932613372803
best,S_11_40_lighting,11,data/libero_raw/libero_spatial/pick_up_the_black_bowl_next_to_the_cookie_box_and_place_it_on_the_plate_demo.hdf5,train,lighting,demo_40,12257,True,115,300,0.38333333333333336,26.096539973281324,12.534932613372803
best,S_11_40_combined,11,data/libero_raw/libero_spatial/pick_up_the_black_bowl_next_to_the_cookie_box_and_place_it_on_the_plate_demo.hdf5,train,combined,demo_40,12257,True,110,300,0.36666666666666664,25.044610935263336,12.53492784500122
