kind,task_index,source,our_training_split,target_object,condition,policy,correct_or_successful,episodes,scope_complete
H,9,libero_10/STUDY_SCENE1_pick_up_the_book_and_place_it_in_the_back_compartment_of_the_caddy_demo,test,black_book_1,hidden,best,7,8,True
H,9,libero_10/STUDY_SCENE1_pick_up_the_book_and_place_it_in_the_back_compartment_of_the_caddy_demo,test,black_book_1,hidden,native,1,8,True
H,9,libero_10/STUDY_SCENE1_pick_up_the_book_and_place_it_in_the_back_compartment_of_the_caddy_demo,test,black_book_1,visible,best,6,8,True
H,9,libero_10/STUDY_SCENE1_pick_up_the_book_and_place_it_in_the_back_compartment_of_the_caddy_demo,test,black_book_1,visible,native,8,8,True
H,13,libero_goal/put_the_bowl_on_the_plate_demo,train,akita_black_bowl_1,hidden,best,4,4,True
H,13,libero_goal/put_the_bowl_on_the_plate_demo,train,akita_black_bowl_1,hidden,native,2,4,True
H,13,libero_goal/put_the_bowl_on_the_plate_demo,train,akita_black_bowl_1,visible,best,4,4,True
H,13,libero_goal/put_the_bowl_on_the_plate_demo,train,akita_black_bowl_1,visible,native,4,4,True
H,26,libero_object/pick_up_the_milk_and_place_it_in_the_basket_demo,train,milk_1,hidden,best,8,8,True
H,26,libero_object/pick_up_the_milk_and_place_it_in_the_basket_demo,train,milk_1,hidden,native,4,8,True
H,26,libero_object/pick_up_the_milk_and_place_it_in_the_basket_demo,train,milk_1,visible,best,8,8,True
H,26,libero_object/pick_up_the_milk_and_place_it_in_the_basket_demo,train,milk_1,visible,native,8,8,True
H,27,libero_object/pick_up_the_orange_juice_and_place_it_in_the_basket_demo,test,orange_juice_1,hidden,best,6,6,True
H,27,libero_object/pick_up_the_orange_juice_and_place_it_in_the_basket_demo,test,orange_juice_1,hidden,native,0,6,True
H,27,libero_object/pick_up_the_orange_juice_and_place_it_in_the_basket_demo,test,orange_juice_1,visible,best,6,6,True
H,27,libero_object/pick_up_the_orange_juice_and_place_it_in_the_basket_demo,test,orange_juice_1,visible,native,6,6,True
P,9,libero_10/STUDY_SCENE1_pick_up_the_book_and_place_it_in_the_back_compartment_of_the_caddy_demo,test,black_book_1,minus_y,best,4,4,True
P,9,libero_10/STUDY_SCENE1_pick_up_the_book_and_place_it_in_the_back_compartment_of_the_caddy_demo,test,black_book_1,minus_y,native,4,4,True
P,9,libero_10/STUDY_SCENE1_pick_up_the_book_and_place_it_in_the_back_compartment_of_the_caddy_demo,test,black_book_1,normal,best,4,4,True
P,9,libero_10/STUDY_SCENE1_pick_up_the_book_and_place_it_in_the_back_compartment_of_the_caddy_demo,test,black_book_1,normal,native,3,4,True
P,9,libero_10/STUDY_SCENE1_pick_up_the_book_and_place_it_in_the_back_compartment_of_the_caddy_demo,test,black_book_1,plus_y,best,4,4,True
P,9,libero_10/STUDY_SCENE1_pick_up_the_book_and_place_it_in_the_back_compartment_of_the_caddy_demo,test,black_book_1,plus_y,native,4,4,True
P,13,libero_goal/put_the_bowl_on_the_plate_demo,train,akita_black_bowl_1,minus_y,best,4,4,True
P,13,libero_goal/put_the_bowl_on_the_plate_demo,train,akita_black_bowl_1,minus_y,native,4,4,True
P,13,libero_goal/put_the_bowl_on_the_plate_demo,train,akita_black_bowl_1,normal,best,4,4,True
P,13,libero_goal/put_the_bowl_on_the_plate_demo,train,akita_black_bowl_1,normal,native,4,4,True
P,13,libero_goal/put_the_bowl_on_the_plate_demo,train,akita_black_bowl_1,plus_y,best,4,4,True
P,13,libero_goal/put_the_bowl_on_the_plate_demo,train,akita_black_bowl_1,plus_y,native,4,4,True
P,17,libero_goal/put_the_wine_bottle_on_the_rack_demo,train,wine_bottle_1,minus_y,best,3,4,True
P,17,libero_goal/put_the_wine_bottle_on_the_rack_demo,train,wine_bottle_1,minus_y,native,3,4,True
P,17,libero_goal/put_the_wine_bottle_on_the_rack_demo,train,wine_bottle_1,normal,best,4,4,True
P,17,libero_goal/put_the_wine_bottle_on_the_rack_demo,train,wine_bottle_1,normal,native,4,4,True
P,17,libero_goal/put_the_wine_bottle_on_the_rack_demo,train,wine_bottle_1,plus_y,best,4,4,True
P,17,libero_goal/put_the_wine_bottle_on_the_rack_demo,train,wine_bottle_1,plus_y,native,4,4,True
P,24,libero_object/pick_up_the_cream_cheese_and_place_it_in_the_basket_demo,validation,cream_cheese_1,minus_y,best,4,4,True
P,24,libero_object/pick_up_the_cream_cheese_and_place_it_in_the_basket_demo,validation,cream_cheese_1,minus_y,native,4,4,True
P,24,libero_object/pick_up_the_cream_cheese_and_place_it_in_the_basket_demo,validation,cream_cheese_1,normal,best,4,4,True
P,24,libero_object/pick_up_the_cream_cheese_and_place_it_in_the_basket_demo,validation,cream_cheese_1,normal,native,4,4,True
P,24,libero_object/pick_up_the_cream_cheese_and_place_it_in_the_basket_demo,validation,cream_cheese_1,plus_y,best,4,4,True
P,24,libero_object/pick_up_the_cream_cheese_and_place_it_in_the_basket_demo,validation,cream_cheese_1,plus_y,native,4,4,True
S,0,libero_10/KITCHEN_SCENE3_turn_on_the_stove_and_put_the_moka_pot_on_it_demo,train,,camera,best,3,4,True
S,0,libero_10/KITCHEN_SCENE3_turn_on_the_stove_and_put_the_moka_pot_on_it_demo,train,,camera,native,2,4,True
S,0,libero_10/KITCHEN_SCENE3_turn_on_the_stove_and_put_the_moka_pot_on_it_demo,train,,combined,best,3,4,True
S,0,libero_10/KITCHEN_SCENE3_turn_on_the_stove_and_put_the_moka_pot_on_it_demo,train,,combined,native,2,4,True
S,0,libero_10/KITCHEN_SCENE3_turn_on_the_stove_and_put_the_moka_pot_on_it_demo,train,,lighting,best,4,4,True
S,0,libero_10/KITCHEN_SCENE3_turn_on_the_stove_and_put_the_moka_pot_on_it_demo,train,,lighting,native,4,4,True
S,0,libero_10/KITCHEN_SCENE3_turn_on_the_stove_and_put_the_moka_pot_on_it_demo,train,,normal,best,4,4,True
S,0,libero_10/KITCHEN_SCENE3_turn_on_the_stove_and_put_the_moka_pot_on_it_demo,train,,normal,native,4,4,True
S,1,libero_10/KITCHEN_SCENE4_put_the_black_bowl_in_the_bottom_drawer_of_the_cabinet_and_close_it_demo,validation,,camera,best,1,4,True
S,1,libero_10/KITCHEN_SCENE4_put_the_black_bowl_in_the_bottom_drawer_of_the_cabinet_and_close_it_demo,validation,,camera,native,0,4,True
S,1,libero_10/KITCHEN_SCENE4_put_the_black_bowl_in_the_bottom_drawer_of_the_cabinet_and_close_it_demo,validation,,combined,best,2,4,True
S,1,libero_10/KITCHEN_SCENE4_put_the_black_bowl_in_the_bottom_drawer_of_the_cabinet_and_close_it_demo,validation,,combined,native,1,4,True
S,1,libero_10/KITCHEN_SCENE4_put_the_black_bowl_in_the_bottom_drawer_of_the_cabinet_and_close_it_demo,validation,,lighting,best,3,4,True
S,1,libero_10/KITCHEN_SCENE4_put_the_black_bowl_in_the_bottom_drawer_of_the_cabinet_and_close_it_demo,validation,,lighting,native,3,4,True
S,1,libero_10/KITCHEN_SCENE4_put_the_black_bowl_in_the_bottom_drawer_of_the_cabinet_and_close_it_demo,validation,,normal,best,2,4,True
S,1,libero_10/KITCHEN_SCENE4_put_the_black_bowl_in_the_bottom_drawer_of_the_cabinet_and_close_it_demo,validation,,normal,native,4,4,True
S,2,libero_10/KITCHEN_SCENE6_put_the_yellow_and_white_mug_in_the_microwave_and_close_it_demo,test,,camera,best,0,4,True
S,2,libero_10/KITCHEN_SCENE6_put_the_yellow_and_white_mug_in_the_microwave_and_close_it_demo,test,,camera,native,2,4,True
S,2,libero_10/KITCHEN_SCENE6_put_the_yellow_and_white_mug_in_the_microwave_and_close_it_demo,test,,combined,best,0,4,True
S,2,libero_10/KITCHEN_SCENE6_put_the_yellow_and_white_mug_in_the_microwave_and_close_it_demo,test,,combined,native,2,4,True
S,2,libero_10/KITCHEN_SCENE6_put_the_yellow_and_white_mug_in_the_microwave_and_close_it_demo,test,,lighting,best,2,4,True
S,2,libero_10/KITCHEN_SCENE6_put_the_yellow_and_white_mug_in_the_microwave_and_close_it_demo,test,,lighting,native,3,4,True
S,2,libero_10/KITCHEN_SCENE6_put_the_yellow_and_white_mug_in_the_microwave_and_close_it_demo,test,,normal,best,3,4,True
S,2,libero_10/KITCHEN_SCENE6_put_the_yellow_and_white_mug_in_the_microwave_and_close_it_demo,test,,normal,native,3,4,True
S,3,libero_10/KITCHEN_SCENE8_put_both_moka_pots_on_the_stove_demo,test,,camera,best,2,4,True
S,3,libero_10/KITCHEN_SCENE8_put_both_moka_pots_on_the_stove_demo,test,,camera,native,1,4,True
S,3,libero_10/KITCHEN_SCENE8_put_both_moka_pots_on_the_stove_demo,test,,combined,best,3,4,True
S,3,libero_10/KITCHEN_SCENE8_put_both_moka_pots_on_the_stove_demo,test,,combined,native,1,4,True
S,3,libero_10/KITCHEN_SCENE8_put_both_moka_pots_on_the_stove_demo,test,,lighting,best,4,4,True
S,3,libero_10/KITCHEN_SCENE8_put_both_moka_pots_on_the_stove_demo,test,,lighting,native,1,4,True
S,3,libero_10/KITCHEN_SCENE8_put_both_moka_pots_on_the_stove_demo,test,,normal,best,3,4,True
S,3,libero_10/KITCHEN_SCENE8_put_both_moka_pots_on_the_stove_demo,test,,normal,native,3,4,True
S,4,libero_10/LIVING_ROOM_SCENE1_put_both_the_alphabet_soup_and_the_cream_cheese_box_in_the_basket_demo,train,,camera,best,4,4,True
S,4,libero_10/LIVING_ROOM_SCENE1_put_both_the_alphabet_soup_and_the_cream_cheese_box_in_the_basket_demo,train,,camera,native,3,4,True
S,4,libero_10/LIVING_ROOM_SCENE1_put_both_the_alphabet_soup_and_the_cream_cheese_box_in_the_basket_demo,train,,combined,best,3,4,True
S,4,libero_10/LIVING_ROOM_SCENE1_put_both_the_alphabet_soup_and_the_cream_cheese_box_in_the_basket_demo,train,,combined,native,2,4,True
S,4,libero_10/LIVING_ROOM_SCENE1_put_both_the_alphabet_soup_and_the_cream_cheese_box_in_the_basket_demo,train,,lighting,best,4,4,True
S,4,libero_10/LIVING_ROOM_SCENE1_put_both_the_alphabet_soup_and_the_cream_cheese_box_in_the_basket_demo,train,,lighting,native,4,4,True
S,4,libero_10/LIVING_ROOM_SCENE1_put_both_the_alphabet_soup_and_the_cream_cheese_box_in_the_basket_demo,train,,normal,best,4,4,True
S,4,libero_10/LIVING_ROOM_SCENE1_put_both_the_alphabet_soup_and_the_cream_cheese_box_in_the_basket_demo,train,,normal,native,4,4,True
S,5,libero_10/LIVING_ROOM_SCENE2_put_both_the_alphabet_soup_and_the_tomato_sauce_in_the_basket_demo,validation,,camera,best,4,4,True
S,5,libero_10/LIVING_ROOM_SCENE2_put_both_the_alphabet_soup_and_the_tomato_sauce_in_the_basket_demo,validation,,camera,native,4,4,True
S,5,libero_10/LIVING_ROOM_SCENE2_put_both_the_alphabet_soup_and_the_tomato_sauce_in_the_basket_demo,validation,,combined,best,4,4,True
S,5,libero_10/LIVING_ROOM_SCENE2_put_both_the_alphabet_soup_and_the_tomato_sauce_in_the_basket_demo,validation,,combined,native,4,4,True
S,5,libero_10/LIVING_ROOM_SCENE2_put_both_the_alphabet_soup_and_the_tomato_sauce_in_the_basket_demo,validation,,lighting,best,4,4,True
S,5,libero_10/LIVING_ROOM_SCENE2_put_both_the_alphabet_soup_and_the_tomato_sauce_in_the_basket_demo,validation,,lighting,native,3,4,True
S,5,libero_10/LIVING_ROOM_SCENE2_put_both_the_alphabet_soup_and_the_tomato_sauce_in_the_basket_demo,validation,,normal,best,4,4,True
S,5,libero_10/LIVING_ROOM_SCENE2_put_both_the_alphabet_soup_and_the_tomato_sauce_in_the_basket_demo,validation,,normal,native,3,4,True
S,6,libero_10/LIVING_ROOM_SCENE2_put_both_the_cream_cheese_box_and_the_butter_in_the_basket_demo,validation,,camera,best,4,4,True
S,6,libero_10/LIVING_ROOM_SCENE2_put_both_the_cream_cheese_box_and_the_butter_in_the_basket_demo,validation,,camera,native,4,4,True
S,6,libero_10/LIVING_ROOM_SCENE2_put_both_the_cream_cheese_box_and_the_butter_in_the_basket_demo,validation,,combined,best,3,4,True
S,6,libero_10/LIVING_ROOM_SCENE2_put_both_the_cream_cheese_box_and_the_butter_in_the_basket_demo,validation,,combined,native,3,4,True
S,6,libero_10/LIVING_ROOM_SCENE2_put_both_the_cream_cheese_box_and_the_butter_in_the_basket_demo,validation,,lighting,best,4,4,True
S,6,libero_10/LIVING_ROOM_SCENE2_put_both_the_cream_cheese_box_and_the_butter_in_the_basket_demo,validation,,lighting,native,4,4,True
S,6,libero_10/LIVING_ROOM_SCENE2_put_both_the_cream_cheese_box_and_the_butter_in_the_basket_demo,validation,,normal,best,4,4,True
S,6,libero_10/LIVING_ROOM_SCENE2_put_both_the_cream_cheese_box_and_the_butter_in_the_basket_demo,validation,,normal,native,4,4,True
S,7,libero_10/LIVING_ROOM_SCENE5_put_the_white_mug_on_the_left_plate_and_put_the_yellow_and_white_mug_on_the_right_plate_demo,train,,camera,best,3,4,True
S,7,libero_10/LIVING_ROOM_SCENE5_put_the_white_mug_on_the_left_plate_and_put_the_yellow_and_white_mug_on_the_right_plate_demo,train,,camera,native,1,4,True
S,7,libero_10/LIVING_ROOM_SCENE5_put_the_white_mug_on_the_left_plate_and_put_the_yellow_and_white_mug_on_the_right_plate_demo,train,,combined,best,2,4,True
S,7,libero_10/LIVING_ROOM_SCENE5_put_the_white_mug_on_the_left_plate_and_put_the_yellow_and_white_mug_on_the_right_plate_demo,train,,combined,native,1,4,True
S,7,libero_10/LIVING_ROOM_SCENE5_put_the_white_mug_on_the_left_plate_and_put_the_yellow_and_white_mug_on_the_right_plate_demo,train,,lighting,best,4,4,True
S,7,libero_10/LIVING_ROOM_SCENE5_put_the_white_mug_on_the_left_plate_and_put_the_yellow_and_white_mug_on_the_right_plate_demo,train,,lighting,native,4,4,True
S,7,libero_10/LIVING_ROOM_SCENE5_put_the_white_mug_on_the_left_plate_and_put_the_yellow_and_white_mug_on_the_right_plate_demo,train,,normal,best,3,4,True
S,7,libero_10/LIVING_ROOM_SCENE5_put_the_white_mug_on_the_left_plate_and_put_the_yellow_and_white_mug_on_the_right_plate_demo,train,,normal,native,4,4,True
S,8,libero_10/LIVING_ROOM_SCENE6_put_the_white_mug_on_the_plate_and_put_the_chocolate_pudding_to_the_right_of_the_plate_demo,train,,camera,best,2,4,True
S,8,libero_10/LIVING_ROOM_SCENE6_put_the_white_mug_on_the_plate_and_put_the_chocolate_pudding_to_the_right_of_the_plate_demo,train,,camera,native,1,4,True
S,8,libero_10/LIVING_ROOM_SCENE6_put_the_white_mug_on_the_plate_and_put_the_chocolate_pudding_to_the_right_of_the_plate_demo,train,,combined,best,3,4,True
S,8,libero_10/LIVING_ROOM_SCENE6_put_the_white_mug_on_the_plate_and_put_the_chocolate_pudding_to_the_right_of_the_plate_demo,train,,combined,native,2,4,True
S,8,libero_10/LIVING_ROOM_SCENE6_put_the_white_mug_on_the_plate_and_put_the_chocolate_pudding_to_the_right_of_the_plate_demo,train,,lighting,best,4,4,True
S,8,libero_10/LIVING_ROOM_SCENE6_put_the_white_mug_on_the_plate_and_put_the_chocolate_pudding_to_the_right_of_the_plate_demo,train,,lighting,native,3,4,True
S,8,libero_10/LIVING_ROOM_SCENE6_put_the_white_mug_on_the_plate_and_put_the_chocolate_pudding_to_the_right_of_the_plate_demo,train,,normal,best,4,4,True
S,8,libero_10/LIVING_ROOM_SCENE6_put_the_white_mug_on_the_plate_and_put_the_chocolate_pudding_to_the_right_of_the_plate_demo,train,,normal,native,3,4,True
S,9,libero_10/STUDY_SCENE1_pick_up_the_book_and_place_it_in_the_back_compartment_of_the_caddy_demo,test,,camera,best,4,4,True
S,9,libero_10/STUDY_SCENE1_pick_up_the_book_and_place_it_in_the_back_compartment_of_the_caddy_demo,test,,camera,native,4,4,True
S,9,libero_10/STUDY_SCENE1_pick_up_the_book_and_place_it_in_the_back_compartment_of_the_caddy_demo,test,,combined,best,4,4,True
S,9,libero_10/STUDY_SCENE1_pick_up_the_book_and_place_it_in_the_back_compartment_of_the_caddy_demo,test,,combined,native,4,4,True
S,9,libero_10/STUDY_SCENE1_pick_up_the_book_and_place_it_in_the_back_compartment_of_the_caddy_demo,test,,lighting,best,4,4,True
S,9,libero_10/STUDY_SCENE1_pick_up_the_book_and_place_it_in_the_back_compartment_of_the_caddy_demo,test,,lighting,native,3,4,True
S,9,libero_10/STUDY_SCENE1_pick_up_the_book_and_place_it_in_the_back_compartment_of_the_caddy_demo,test,,normal,best,4,4,True
S,9,libero_10/STUDY_SCENE1_pick_up_the_book_and_place_it_in_the_back_compartment_of_the_caddy_demo,test,,normal,native,3,4,True
S,10,libero_goal/open_the_middle_drawer_of_the_cabinet_demo,train,,camera,best,3,4,True
S,10,libero_goal/open_the_middle_drawer_of_the_cabinet_demo,train,,camera,native,2,4,True
S,10,libero_goal/open_the_middle_drawer_of_the_cabinet_demo,train,,combined,best,3,4,True
S,10,libero_goal/open_the_middle_drawer_of_the_cabinet_demo,train,,combined,native,2,4,True
S,10,libero_goal/open_the_middle_drawer_of_the_cabinet_demo,train,,lighting,best,3,4,True
S,10,libero_goal/open_the_middle_drawer_of_the_cabinet_demo,train,,lighting,native,4,4,True
S,10,libero_goal/open_the_middle_drawer_of_the_cabinet_demo,train,,normal,best,3,4,True
S,10,libero_goal/open_the_middle_drawer_of_the_cabinet_demo,train,,normal,native,4,4,True
S,11,libero_goal/open_the_top_drawer_and_put_the_bowl_inside_demo,train,,camera,best,2,4,True
S,11,libero_goal/open_the_top_drawer_and_put_the_bowl_inside_demo,train,,camera,native,2,4,True
S,11,libero_goal/open_the_top_drawer_and_put_the_bowl_inside_demo,train,,combined,best,2,4,True
S,11,libero_goal/open_the_top_drawer_and_put_the_bowl_inside_demo,train,,combined,native,2,4,True
S,11,libero_goal/open_the_top_drawer_and_put_the_bowl_inside_demo,train,,lighting,best,4,4,True
S,11,libero_goal/open_the_top_drawer_and_put_the_bowl_inside_demo,train,,lighting,native,4,4,True
S,11,libero_goal/open_the_top_drawer_and_put_the_bowl_inside_demo,train,,normal,best,3,4,True
S,11,libero_goal/open_the_top_drawer_and_put_the_bowl_inside_demo,train,,normal,native,4,4,True
S,12,libero_goal/push_the_plate_to_the_front_of_the_stove_demo,train,,camera,best,3,4,True
S,12,libero_goal/push_the_plate_to_the_front_of_the_stove_demo,train,,camera,native,3,4,True
S,12,libero_goal/push_the_plate_to_the_front_of_the_stove_demo,train,,combined,best,2,4,True
S,12,libero_goal/push_the_plate_to_the_front_of_the_stove_demo,train,,combined,native,3,4,True
S,12,libero_goal/push_the_plate_to_the_front_of_the_stove_demo,train,,lighting,best,4,4,True
S,12,libero_goal/push_the_plate_to_the_front_of_the_stove_demo,train,,lighting,native,3,4,True
S,12,libero_goal/push_the_plate_to_the_front_of_the_stove_demo,train,,normal,best,4,4,True
S,12,libero_goal/push_the_plate_to_the_front_of_the_stove_demo,train,,normal,native,4,4,True
S,13,libero_goal/put_the_bowl_on_the_plate_demo,train,,camera,best,4,4,True
S,13,libero_goal/put_the_bowl_on_the_plate_demo,train,,camera,native,4,4,True
S,13,libero_goal/put_the_bowl_on_the_plate_demo,train,,combined,best,4,4,True
S,13,libero_goal/put_the_bowl_on_the_plate_demo,train,,combined,native,4,4,True
S,13,libero_goal/put_the_bowl_on_the_plate_demo,train,,lighting,best,4,4,True
S,13,libero_goal/put_the_bowl_on_the_plate_demo,train,,lighting,native,4,4,True
S,13,libero_goal/put_the_bowl_on_the_plate_demo,train,,normal,best,4,4,True
S,13,libero_goal/put_the_bowl_on_the_plate_demo,train,,normal,native,4,4,True
S,14,libero_goal/put_the_bowl_on_the_stove_demo,train,,camera,best,4,4,True
S,14,libero_goal/put_the_bowl_on_the_stove_demo,train,,camera,native,4,4,True
S,14,libero_goal/put_the_bowl_on_the_stove_demo,train,,combined,best,4,4,True
S,14,libero_goal/put_the_bowl_on_the_stove_demo,train,,combined,native,4,4,True
S,14,libero_goal/put_the_bowl_on_the_stove_demo,train,,lighting,best,4,4,True
S,14,libero_goal/put_the_bowl_on_the_stove_demo,train,,lighting,native,4,4,True
S,14,libero_goal/put_the_bowl_on_the_stove_demo,train,,normal,best,4,4,True
S,14,libero_goal/put_the_bowl_on_the_stove_demo,train,,normal,native,4,4,True
S,15,libero_goal/put_the_bowl_on_top_of_the_cabinet_demo,train,,camera,best,4,4,True
S,15,libero_goal/put_the_bowl_on_top_of_the_cabinet_demo,train,,camera,native,4,4,True
S,15,libero_goal/put_the_bowl_on_top_of_the_cabinet_demo,train,,combined,best,4,4,True
S,15,libero_goal/put_the_bowl_on_top_of_the_cabinet_demo,train,,combined,native,4,4,True
S,15,libero_goal/put_the_bowl_on_top_of_the_cabinet_demo,train,,lighting,best,4,4,True
S,15,libero_goal/put_the_bowl_on_top_of_the_cabinet_demo,train,,lighting,native,4,4,True
S,15,libero_goal/put_the_bowl_on_top_of_the_cabinet_demo,train,,normal,best,4,4,True
S,15,libero_goal/put_the_bowl_on_top_of_the_cabinet_demo,train,,normal,native,4,4,True
S,16,libero_goal/put_the_cream_cheese_in_the_bowl_demo,train,,camera,best,3,4,True
S,16,libero_goal/put_the_cream_cheese_in_the_bowl_demo,train,,camera,native,3,4,True
S,16,libero_goal/put_the_cream_cheese_in_the_bowl_demo,train,,combined,best,3,4,True
S,16,libero_goal/put_the_cream_cheese_in_the_bowl_demo,train,,combined,native,3,4,True
S,16,libero_goal/put_the_cream_cheese_in_the_bowl_demo,train,,lighting,best,4,4,True
S,16,libero_goal/put_the_cream_cheese_in_the_bowl_demo,train,,lighting,native,4,4,True
S,16,libero_goal/put_the_cream_cheese_in_the_bowl_demo,train,,normal,best,4,4,True
S,16,libero_goal/put_the_cream_cheese_in_the_bowl_demo,train,,normal,native,4,4,True
S,17,libero_goal/put_the_wine_bottle_on_the_rack_demo,train,,camera,best,3,4,True
S,17,libero_goal/put_the_wine_bottle_on_the_rack_demo,train,,camera,native,3,4,True
S,17,libero_goal/put_the_wine_bottle_on_the_rack_demo,train,,combined,best,3,4,True
S,17,libero_goal/put_the_wine_bottle_on_the_rack_demo,train,,combined,native,3,4,True
S,17,libero_goal/put_the_wine_bottle_on_the_rack_demo,train,,lighting,best,4,4,True
S,17,libero_goal/put_the_wine_bottle_on_the_rack_demo,train,,lighting,native,4,4,True
S,17,libero_goal/put_the_wine_bottle_on_the_rack_demo,train,,normal,best,4,4,True
S,17,libero_goal/put_the_wine_bottle_on_the_rack_demo,train,,normal,native,4,4,True
S,18,libero_goal/put_the_wine_bottle_on_top_of_the_cabinet_demo,train,,camera,best,4,4,True
S,18,libero_goal/put_the_wine_bottle_on_top_of_the_cabinet_demo,train,,camera,native,4,4,True
S,18,libero_goal/put_the_wine_bottle_on_top_of_the_cabinet_demo,train,,combined,best,4,4,True
S,18,libero_goal/put_the_wine_bottle_on_top_of_the_cabinet_demo,train,,combined,native,4,4,True
S,18,libero_goal/put_the_wine_bottle_on_top_of_the_cabinet_demo,train,,lighting,best,4,4,True
S,18,libero_goal/put_the_wine_bottle_on_top_of_the_cabinet_demo,train,,lighting,native,4,4,True
S,18,libero_goal/put_the_wine_bottle_on_top_of_the_cabinet_demo,train,,normal,best,4,4,True
S,18,libero_goal/put_the_wine_bottle_on_top_of_the_cabinet_demo,train,,normal,native,4,4,True
S,19,libero_goal/turn_on_the_stove_demo,train,,camera,best,4,4,True
S,19,libero_goal/turn_on_the_stove_demo,train,,camera,native,4,4,True
S,19,libero_goal/turn_on_the_stove_demo,train,,combined,best,4,4,True
S,19,libero_goal/turn_on_the_stove_demo,train,,combined,native,4,4,True
S,19,libero_goal/turn_on_the_stove_demo,train,,lighting,best,4,4,True
S,19,libero_goal/turn_on_the_stove_demo,train,,lighting,native,4,4,True
S,19,libero_goal/turn_on_the_stove_demo,train,,normal,best,4,4,True
S,19,libero_goal/turn_on_the_stove_demo,train,,normal,native,4,4,True
S,20,libero_object/pick_up_the_alphabet_soup_and_place_it_in_the_basket_demo,train,,camera,best,3,4,True
S,20,libero_object/pick_up_the_alphabet_soup_and_place_it_in_the_basket_demo,train,,camera,native,4,4,True
S,20,libero_object/pick_up_the_alphabet_soup_and_place_it_in_the_basket_demo,train,,combined,best,4,4,True
S,20,libero_object/pick_up_the_alphabet_soup_and_place_it_in_the_basket_demo,train,,combined,native,4,4,True
S,20,libero_object/pick_up_the_alphabet_soup_and_place_it_in_the_basket_demo,train,,lighting,best,4,4,True
S,20,libero_object/pick_up_the_alphabet_soup_and_place_it_in_the_basket_demo,train,,lighting,native,4,4,True
S,20,libero_object/pick_up_the_alphabet_soup_and_place_it_in_the_basket_demo,train,,normal,best,4,4,True
S,20,libero_object/pick_up_the_alphabet_soup_and_place_it_in_the_basket_demo,train,,normal,native,4,4,True
S,21,libero_object/pick_up_the_bbq_sauce_and_place_it_in_the_basket_demo,train,,camera,best,3,4,True
S,21,libero_object/pick_up_the_bbq_sauce_and_place_it_in_the_basket_demo,train,,camera,native,4,4,True
S,21,libero_object/pick_up_the_bbq_sauce_and_place_it_in_the_basket_demo,train,,combined,best,4,4,True
S,21,libero_object/pick_up_the_bbq_sauce_and_place_it_in_the_basket_demo,train,,combined,native,4,4,True
S,21,libero_object/pick_up_the_bbq_sauce_and_place_it_in_the_basket_demo,train,,lighting,best,4,4,True
S,21,libero_object/pick_up_the_bbq_sauce_and_place_it_in_the_basket_demo,train,,lighting,native,3,4,True
S,21,libero_object/pick_up_the_bbq_sauce_and_place_it_in_the_basket_demo,train,,normal,best,4,4,True
S,21,libero_object/pick_up_the_bbq_sauce_and_place_it_in_the_basket_demo,train,,normal,native,4,4,True
S,22,libero_object/pick_up_the_butter_and_place_it_in_the_basket_demo,train,,camera,best,4,4,True
S,22,libero_object/pick_up_the_butter_and_place_it_in_the_basket_demo,train,,camera,native,3,4,True
S,22,libero_object/pick_up_the_butter_and_place_it_in_the_basket_demo,train,,combined,best,4,4,True
S,22,libero_object/pick_up_the_butter_and_place_it_in_the_basket_demo,train,,combined,native,2,4,True
S,22,libero_object/pick_up_the_butter_and_place_it_in_the_basket_demo,train,,lighting,best,4,4,True
S,22,libero_object/pick_up_the_butter_and_place_it_in_the_basket_demo,train,,lighting,native,4,4,True
S,22,libero_object/pick_up_the_butter_and_place_it_in_the_basket_demo,train,,normal,best,4,4,True
S,22,libero_object/pick_up_the_butter_and_place_it_in_the_basket_demo,train,,normal,native,4,4,True
S,23,libero_object/pick_up_the_chocolate_pudding_and_place_it_in_the_basket_demo,train,,camera,best,4,4,True
S,23,libero_object/pick_up_the_chocolate_pudding_and_place_it_in_the_basket_demo,train,,camera,native,4,4,True
S,23,libero_object/pick_up_the_chocolate_pudding_and_place_it_in_the_basket_demo,train,,combined,best,4,4,True
S,23,libero_object/pick_up_the_chocolate_pudding_and_place_it_in_the_basket_demo,train,,combined,native,4,4,True
S,23,libero_object/pick_up_the_chocolate_pudding_and_place_it_in_the_basket_demo,train,,lighting,best,4,4,True
S,23,libero_object/pick_up_the_chocolate_pudding_and_place_it_in_the_basket_demo,train,,lighting,native,4,4,True
S,23,libero_object/pick_up_the_chocolate_pudding_and_place_it_in_the_basket_demo,train,,normal,best,4,4,True
S,23,libero_object/pick_up_the_chocolate_pudding_and_place_it_in_the_basket_demo,train,,normal,native,4,4,True
S,24,libero_object/pick_up_the_cream_cheese_and_place_it_in_the_basket_demo,validation,,camera,best,4,4,True
S,24,libero_object/pick_up_the_cream_cheese_and_place_it_in_the_basket_demo,validation,,camera,native,3,4,True
S,24,libero_object/pick_up_the_cream_cheese_and_place_it_in_the_basket_demo,validation,,combined,best,4,4,True
S,24,libero_object/pick_up_the_cream_cheese_and_place_it_in_the_basket_demo,validation,,combined,native,2,4,True
S,24,libero_object/pick_up_the_cream_cheese_and_place_it_in_the_basket_demo,validation,,lighting,best,4,4,True
S,24,libero_object/pick_up_the_cream_cheese_and_place_it_in_the_basket_demo,validation,,lighting,native,4,4,True
S,24,libero_object/pick_up_the_cream_cheese_and_place_it_in_the_basket_demo,validation,,normal,best,4,4,True
S,24,libero_object/pick_up_the_cream_cheese_and_place_it_in_the_basket_demo,validation,,normal,native,4,4,True
S,25,libero_object/pick_up_the_ketchup_and_place_it_in_the_basket_demo,train,,camera,best,4,4,True
S,25,libero_object/pick_up_the_ketchup_and_place_it_in_the_basket_demo,train,,camera,native,4,4,True
S,25,libero_object/pick_up_the_ketchup_and_place_it_in_the_basket_demo,train,,combined,best,4,4,True
S,25,libero_object/pick_up_the_ketchup_and_place_it_in_the_basket_demo,train,,combined,native,4,4,True
S,25,libero_object/pick_up_the_ketchup_and_place_it_in_the_basket_demo,train,,lighting,best,4,4,True
S,25,libero_object/pick_up_the_ketchup_and_place_it_in_the_basket_demo,train,,lighting,native,4,4,True
S,25,libero_object/pick_up_the_ketchup_and_place_it_in_the_basket_demo,train,,normal,best,4,4,True
S,25,libero_object/pick_up_the_ketchup_and_place_it_in_the_basket_demo,train,,normal,native,4,4,True
S,26,libero_object/pick_up_the_milk_and_place_it_in_the_basket_demo,train,,camera,best,4,4,True
S,26,libero_object/pick_up_the_milk_and_place_it_in_the_basket_demo,train,,camera,native,4,4,True
S,26,libero_object/pick_up_the_milk_and_place_it_in_the_basket_demo,train,,combined,best,4,4,True
S,26,libero_object/pick_up_the_milk_and_place_it_in_the_basket_demo,train,,combined,native,4,4,True
S,26,libero_object/pick_up_the_milk_and_place_it_in_the_basket_demo,train,,lighting,best,4,4,True
S,26,libero_object/pick_up_the_milk_and_place_it_in_the_basket_demo,train,,lighting,native,4,4,True
S,26,libero_object/pick_up_the_milk_and_place_it_in_the_basket_demo,train,,normal,best,4,4,True
S,26,libero_object/pick_up_the_milk_and_place_it_in_the_basket_demo,train,,normal,native,4,4,True
S,27,libero_object/pick_up_the_orange_juice_and_place_it_in_the_basket_demo,test,,camera,best,4,4,True
S,27,libero_object/pick_up_the_orange_juice_and_place_it_in_the_basket_demo,test,,camera,native,4,4,True
S,27,libero_object/pick_up_the_orange_juice_and_place_it_in_the_basket_demo,test,,combined,best,4,4,True
S,27,libero_object/pick_up_the_orange_juice_and_place_it_in_the_basket_demo,test,,combined,native,4,4,True
S,27,libero_object/pick_up_the_orange_juice_and_place_it_in_the_basket_demo,test,,lighting,best,4,4,True
S,27,libero_object/pick_up_the_orange_juice_and_place_it_in_the_basket_demo,test,,lighting,native,4,4,True
S,27,libero_object/pick_up_the_orange_juice_and_place_it_in_the_basket_demo,test,,normal,best,4,4,True
S,27,libero_object/pick_up_the_orange_juice_and_place_it_in_the_basket_demo,test,,normal,native,4,4,True
S,28,libero_object/pick_up_the_salad_dressing_and_place_it_in_the_basket_demo,train,,camera,best,4,4,True
S,28,libero_object/pick_up_the_salad_dressing_and_place_it_in_the_basket_demo,train,,camera,native,2,4,True
S,28,libero_object/pick_up_the_salad_dressing_and_place_it_in_the_basket_demo,train,,combined,best,4,4,True
S,28,libero_object/pick_up_the_salad_dressing_and_place_it_in_the_basket_demo,train,,combined,native,3,4,True
S,28,libero_object/pick_up_the_salad_dressing_and_place_it_in_the_basket_demo,train,,lighting,best,4,4,True
S,28,libero_object/pick_up_the_salad_dressing_and_place_it_in_the_basket_demo,train,,lighting,native,4,4,True
S,28,libero_object/pick_up_the_salad_dressing_and_place_it_in_the_basket_demo,train,,normal,best,4,4,True
S,28,libero_object/pick_up_the_salad_dressing_and_place_it_in_the_basket_demo,train,,normal,native,4,4,True
S,29,libero_object/pick_up_the_tomato_sauce_and_place_it_in_the_basket_demo,train,,camera,best,4,4,True
S,29,libero_object/pick_up_the_tomato_sauce_and_place_it_in_the_basket_demo,train,,camera,native,4,4,True
S,29,libero_object/pick_up_the_tomato_sauce_and_place_it_in_the_basket_demo,train,,combined,best,4,4,True
S,29,libero_object/pick_up_the_tomato_sauce_and_place_it_in_the_basket_demo,train,,combined,native,3,4,True
S,29,libero_object/pick_up_the_tomato_sauce_and_place_it_in_the_basket_demo,train,,lighting,best,4,4,True
S,29,libero_object/pick_up_the_tomato_sauce_and_place_it_in_the_basket_demo,train,,lighting,native,4,4,True
S,29,libero_object/pick_up_the_tomato_sauce_and_place_it_in_the_basket_demo,train,,normal,best,4,4,True
S,29,libero_object/pick_up_the_tomato_sauce_and_place_it_in_the_basket_demo,train,,normal,native,4,4,True
S,30,libero_spatial/pick_up_the_black_bowl_between_the_plate_and_the_ramekin_and_place_it_on_the_plate_demo,train,,camera,best,4,4,True
S,30,libero_spatial/pick_up_the_black_bowl_between_the_plate_and_the_ramekin_and_place_it_on_the_plate_demo,train,,camera,native,3,4,True
S,30,libero_spatial/pick_up_the_black_bowl_between_the_plate_and_the_ramekin_and_place_it_on_the_plate_demo,train,,combined,best,4,4,True
S,30,libero_spatial/pick_up_the_black_bowl_between_the_plate_and_the_ramekin_and_place_it_on_the_plate_demo,train,,combined,native,3,4,True
S,30,libero_spatial/pick_up_the_black_bowl_between_the_plate_and_the_ramekin_and_place_it_on_the_plate_demo,train,,lighting,best,4,4,True
S,30,libero_spatial/pick_up_the_black_bowl_between_the_plate_and_the_ramekin_and_place_it_on_the_plate_demo,train,,lighting,native,4,4,True
S,30,libero_spatial/pick_up_the_black_bowl_between_the_plate_and_the_ramekin_and_place_it_on_the_plate_demo,train,,normal,best,4,4,True
S,30,libero_spatial/pick_up_the_black_bowl_between_the_plate_and_the_ramekin_and_place_it_on_the_plate_demo,train,,normal,native,4,4,True
S,31,libero_spatial/pick_up_the_black_bowl_from_table_center_and_place_it_on_the_plate_demo,train,,camera,best,4,4,True
S,31,libero_spatial/pick_up_the_black_bowl_from_table_center_and_place_it_on_the_plate_demo,train,,camera,native,4,4,True
S,31,libero_spatial/pick_up_the_black_bowl_from_table_center_and_place_it_on_the_plate_demo,train,,combined,best,4,4,True
S,31,libero_spatial/pick_up_the_black_bowl_from_table_center_and_place_it_on_the_plate_demo,train,,combined,native,4,4,True
S,31,libero_spatial/pick_up_the_black_bowl_from_table_center_and_place_it_on_the_plate_demo,train,,lighting,best,4,4,True
S,31,libero_spatial/pick_up_the_black_bowl_from_table_center_and_place_it_on_the_plate_demo,train,,lighting,native,4,4,True
S,31,libero_spatial/pick_up_the_black_bowl_from_table_center_and_place_it_on_the_plate_demo,train,,normal,best,4,4,True
S,31,libero_spatial/pick_up_the_black_bowl_from_table_center_and_place_it_on_the_plate_demo,train,,normal,native,4,4,True
S,32,libero_spatial/pick_up_the_black_bowl_in_the_top_drawer_of_the_wooden_cabinet_and_place_it_on_the_plate_demo,train,,camera,best,3,4,True
S,32,libero_spatial/pick_up_the_black_bowl_in_the_top_drawer_of_the_wooden_cabinet_and_place_it_on_the_plate_demo,train,,camera,native,3,4,True
S,32,libero_spatial/pick_up_the_black_bowl_in_the_top_drawer_of_the_wooden_cabinet_and_place_it_on_the_plate_demo,train,,combined,best,3,4,True
S,32,libero_spatial/pick_up_the_black_bowl_in_the_top_drawer_of_the_wooden_cabinet_and_place_it_on_the_plate_demo,train,,combined,native,3,4,True
S,32,libero_spatial/pick_up_the_black_bowl_in_the_top_drawer_of_the_wooden_cabinet_and_place_it_on_the_plate_demo,train,,lighting,best,4,4,True
S,32,libero_spatial/pick_up_the_black_bowl_in_the_top_drawer_of_the_wooden_cabinet_and_place_it_on_the_plate_demo,train,,lighting,native,4,4,True
S,32,libero_spatial/pick_up_the_black_bowl_in_the_top_drawer_of_the_wooden_cabinet_and_place_it_on_the_plate_demo,train,,normal,best,3,4,True
S,32,libero_spatial/pick_up_the_black_bowl_in_the_top_drawer_of_the_wooden_cabinet_and_place_it_on_the_plate_demo,train,,normal,native,4,4,True
S,33,libero_spatial/pick_up_the_black_bowl_next_to_the_cookie_box_and_place_it_on_the_plate_demo,train,,camera,best,4,4,True
S,33,libero_spatial/pick_up_the_black_bowl_next_to_the_cookie_box_and_place_it_on_the_plate_demo,train,,camera,native,4,4,True
S,33,libero_spatial/pick_up_the_black_bowl_next_to_the_cookie_box_and_place_it_on_the_plate_demo,train,,combined,best,4,4,True
S,33,libero_spatial/pick_up_the_black_bowl_next_to_the_cookie_box_and_place_it_on_the_plate_demo,train,,combined,native,4,4,True
S,33,libero_spatial/pick_up_the_black_bowl_next_to_the_cookie_box_and_place_it_on_the_plate_demo,train,,lighting,best,4,4,True
S,33,libero_spatial/pick_up_the_black_bowl_next_to_the_cookie_box_and_place_it_on_the_plate_demo,train,,lighting,native,4,4,True
S,33,libero_spatial/pick_up_the_black_bowl_next_to_the_cookie_box_and_place_it_on_the_plate_demo,train,,normal,best,4,4,True
S,33,libero_spatial/pick_up_the_black_bowl_next_to_the_cookie_box_and_place_it_on_the_plate_demo,train,,normal,native,4,4,True
S,34,libero_spatial/pick_up_the_black_bowl_next_to_the_plate_and_place_it_on_the_plate_demo,train,,camera,best,4,4,True
S,34,libero_spatial/pick_up_the_black_bowl_next_to_the_plate_and_place_it_on_the_plate_demo,train,,camera,native,4,4,True
S,34,libero_spatial/pick_up_the_black_bowl_next_to_the_plate_and_place_it_on_the_plate_demo,train,,combined,best,3,4,True
S,34,libero_spatial/pick_up_the_black_bowl_next_to_the_plate_and_place_it_on_the_plate_demo,train,,combined,native,4,4,True
S,34,libero_spatial/pick_up_the_black_bowl_next_to_the_plate_and_place_it_on_the_plate_demo,train,,lighting,best,4,4,True
S,34,libero_spatial/pick_up_the_black_bowl_next_to_the_plate_and_place_it_on_the_plate_demo,train,,lighting,native,4,4,True
S,34,libero_spatial/pick_up_the_black_bowl_next_to_the_plate_and_place_it_on_the_plate_demo,train,,normal,best,4,4,True
S,34,libero_spatial/pick_up_the_black_bowl_next_to_the_plate_and_place_it_on_the_plate_demo,train,,normal,native,4,4,True
S,35,libero_spatial/pick_up_the_black_bowl_next_to_the_ramekin_and_place_it_on_the_plate_demo,train,,camera,best,4,4,True
S,35,libero_spatial/pick_up_the_black_bowl_next_to_the_ramekin_and_place_it_on_the_plate_demo,train,,camera,native,4,4,True
S,35,libero_spatial/pick_up_the_black_bowl_next_to_the_ramekin_and_place_it_on_the_plate_demo,train,,combined,best,4,4,True
S,35,libero_spatial/pick_up_the_black_bowl_next_to_the_ramekin_and_place_it_on_the_plate_demo,train,,combined,native,4,4,True
S,35,libero_spatial/pick_up_the_black_bowl_next_to_the_ramekin_and_place_it_on_the_plate_demo,train,,lighting,best,4,4,True
S,35,libero_spatial/pick_up_the_black_bowl_next_to_the_ramekin_and_place_it_on_the_plate_demo,train,,lighting,native,4,4,True
S,35,libero_spatial/pick_up_the_black_bowl_next_to_the_ramekin_and_place_it_on_the_plate_demo,train,,normal,best,4,4,True
S,35,libero_spatial/pick_up_the_black_bowl_next_to_the_ramekin_and_place_it_on_the_plate_demo,train,,normal,native,4,4,True
S,36,libero_spatial/pick_up_the_black_bowl_on_the_cookie_box_and_place_it_on_the_plate_demo,train,,camera,best,4,4,True
S,36,libero_spatial/pick_up_the_black_bowl_on_the_cookie_box_and_place_it_on_the_plate_demo,train,,camera,native,4,4,True
S,36,libero_spatial/pick_up_the_black_bowl_on_the_cookie_box_and_place_it_on_the_plate_demo,train,,combined,best,4,4,True
S,36,libero_spatial/pick_up_the_black_bowl_on_the_cookie_box_and_place_it_on_the_plate_demo,train,,combined,native,4,4,True
S,36,libero_spatial/pick_up_the_black_bowl_on_the_cookie_box_and_place_it_on_the_plate_demo,train,,lighting,best,4,4,True
S,36,libero_spatial/pick_up_the_black_bowl_on_the_cookie_box_and_place_it_on_the_plate_demo,train,,lighting,native,4,4,True
S,36,libero_spatial/pick_up_the_black_bowl_on_the_cookie_box_and_place_it_on_the_plate_demo,train,,normal,best,4,4,True
S,36,libero_spatial/pick_up_the_black_bowl_on_the_cookie_box_and_place_it_on_the_plate_demo,train,,normal,native,4,4,True
S,37,libero_spatial/pick_up_the_black_bowl_on_the_ramekin_and_place_it_on_the_plate_demo,train,,camera,best,4,4,True
S,37,libero_spatial/pick_up_the_black_bowl_on_the_ramekin_and_place_it_on_the_plate_demo,train,,camera,native,1,4,True
S,37,libero_spatial/pick_up_the_black_bowl_on_the_ramekin_and_place_it_on_the_plate_demo,train,,combined,best,4,4,True
S,37,libero_spatial/pick_up_the_black_bowl_on_the_ramekin_and_place_it_on_the_plate_demo,train,,combined,native,1,4,True
S,37,libero_spatial/pick_up_the_black_bowl_on_the_ramekin_and_place_it_on_the_plate_demo,train,,lighting,best,3,4,True
S,37,libero_spatial/pick_up_the_black_bowl_on_the_ramekin_and_place_it_on_the_plate_demo,train,,lighting,native,3,4,True
S,37,libero_spatial/pick_up_the_black_bowl_on_the_ramekin_and_place_it_on_the_plate_demo,train,,normal,best,3,4,True
S,37,libero_spatial/pick_up_the_black_bowl_on_the_ramekin_and_place_it_on_the_plate_demo,train,,normal,native,3,4,True
S,38,libero_spatial/pick_up_the_black_bowl_on_the_stove_and_place_it_on_the_plate_demo,train,,camera,best,4,4,True
S,38,libero_spatial/pick_up_the_black_bowl_on_the_stove_and_place_it_on_the_plate_demo,train,,camera,native,4,4,True
S,38,libero_spatial/pick_up_the_black_bowl_on_the_stove_and_place_it_on_the_plate_demo,train,,combined,best,4,4,True
S,38,libero_spatial/pick_up_the_black_bowl_on_the_stove_and_place_it_on_the_plate_demo,train,,combined,native,4,4,True
S,38,libero_spatial/pick_up_the_black_bowl_on_the_stove_and_place_it_on_the_plate_demo,train,,lighting,best,4,4,True
S,38,libero_spatial/pick_up_the_black_bowl_on_the_stove_and_place_it_on_the_plate_demo,train,,lighting,native,4,4,True
S,38,libero_spatial/pick_up_the_black_bowl_on_the_stove_and_place_it_on_the_plate_demo,train,,normal,best,4,4,True
S,38,libero_spatial/pick_up_the_black_bowl_on_the_stove_and_place_it_on_the_plate_demo,train,,normal,native,4,4,True
S,39,libero_spatial/pick_up_the_black_bowl_on_the_wooden_cabinet_and_place_it_on_the_plate_demo,train,,camera,best,4,4,True
S,39,libero_spatial/pick_up_the_black_bowl_on_the_wooden_cabinet_and_place_it_on_the_plate_demo,train,,camera,native,4,4,True
S,39,libero_spatial/pick_up_the_black_bowl_on_the_wooden_cabinet_and_place_it_on_the_plate_demo,train,,combined,best,4,4,True
S,39,libero_spatial/pick_up_the_black_bowl_on_the_wooden_cabinet_and_place_it_on_the_plate_demo,train,,combined,native,4,4,True
S,39,libero_spatial/pick_up_the_black_bowl_on_the_wooden_cabinet_and_place_it_on_the_plate_demo,train,,lighting,best,4,4,True
S,39,libero_spatial/pick_up_the_black_bowl_on_the_wooden_cabinet_and_place_it_on_the_plate_demo,train,,lighting,native,4,4,True
S,39,libero_spatial/pick_up_the_black_bowl_on_the_wooden_cabinet_and_place_it_on_the_plate_demo,train,,normal,best,4,4,True
S,39,libero_spatial/pick_up_the_black_bowl_on_the_wooden_cabinet_and_place_it_on_the_plate_demo,train,,normal,native,4,4,True
